danoftelie,homayounshoa
danoftelie,ArletteSaenz
danoftelie,robertliefeld
danoftelie,clybrg
danoftelie,latimes
danoftelie,kthorjensen
danoftelie,AmbassadorRice
danoftelie,BacoteReba
danoftelie,AllenBGlines
danoftelie,RabbiBerlin
danoftelie,laurawawa
danoftelie,COVID19Tracking
danoftelie,opennews
danoftelie,SimplyBriPdx
danoftelie,POTUS
danoftelie,biannagolodryga
danoftelie,ananavarro
danoftelie,itsmariannnna
danoftelie,ngocbbuii
danoftelie,cindyann1
danoftelie,melanieho13
danoftelie,Missmyear
danoftelie,gotafro
danoftelie,MikkiePete
danoftelie,thelibrarylair
Elana_Brooklyn,jewish_worker
Elana_Brooklyn,davisjohanna
Elana_Brooklyn,kiaynaoneal
Elana_Brooklyn,hesterleyser
Elana_Brooklyn,Bethanie_10
Elana_Brooklyn,lilliecatlin
Elana_Brooklyn,future_of_music
Elana_Brooklyn,torreypeters
Elana_Brooklyn,AbraarKaran
Elana_Brooklyn,BlackAlertPod
Elana_Brooklyn,GenVoteqc
Elana_Brooklyn,djpatrickareed
Elana_Brooklyn,GyaruMonstr
Elana_Brooklyn,immigrantarc
Elana_Brooklyn,xmendirector
Elana_Brooklyn,mckenziewark
Elana_Brooklyn,wellsbering
Elana_Brooklyn,ShutDown_DC
Elana_Brooklyn,DCHotelworkers
Elana_Brooklyn,EliNSavit
Elana_Brooklyn,ElanaLeopold
Elana_Brooklyn,AnnieSprinkle
Elana_Brooklyn,rothschildmd
Elana_Brooklyn,HackneyJolie
Elana_Brooklyn,kkirch92
whorechaacha,NickoGallo
whorechaacha,_tasiams
whorechaacha,lucyliunumber2
whorechaacha,cissyartcafe
whorechaacha,_MillyStone
whorechaacha,sofiaburritos
whorechaacha,SbFramesInOrder
whorechaacha,preciousdaangel
whorechaacha,VINNYGUADAGNINO
whorechaacha,maleahjmoon
whorechaacha,DMVBlackLives
whorechaacha,CaffeinatedMari
whorechaacha,whateverjewel
whorechaacha,jasadetunji
whorechaacha,radblackwoman
whorechaacha,zoeyvenai
whorechaacha,elpedronight
whorechaacha,itskeyon
whorechaacha,sucolorfavorito
whorechaacha,BAQueeen
whorechaacha,luzchavezg
whorechaacha,AdoboDMV
whorechaacha,champagnehern
whorechaacha,RoDawg419
whorechaacha,artbylenashop
ChristinaSFLaw,Booker4KY
ChristinaSFLaw,guttersnipe76
ChristinaSFLaw,Carpe_DMT
ChristinaSFLaw,andrew_barratt
ChristinaSFLaw,dysthymicdays
ChristinaSFLaw,CoriBush
ChristinaSFLaw,Cryptic_Mutt
ChristinaSFLaw,hollenbeezy
ChristinaSFLaw,tabali_tigi
ChristinaSFLaw,nogumbofornazis
ChristinaSFLaw,Steve_Ogden
ChristinaSFLaw,UnrulyWoodsman
ChristinaSFLaw,karmasprobe
ChristinaSFLaw,_Stauk
ChristinaSFLaw,jacro3
ChristinaSFLaw,afa_viva
ChristinaSFLaw,MarnaNightingal
ChristinaSFLaw,mextape
ChristinaSFLaw,svdebug
ChristinaSFLaw,ChatfieldKate
ChristinaSFLaw,danialexis
ChristinaSFLaw,Meathead_Esq
ChristinaSFLaw,bethesda
ChristinaSFLaw,itsa_talia
ChristinaSFLaw,FriendNumberTwo
pedrovalor,mardmargp
pedrovalor,GloriaPazmino
pedrovalor,BerniceKing
pedrovalor,LegalAidNYC
pedrovalor,thesheertruth
pedrovalor,msolurin
pedrovalor,geekyhush
pedrovalor,YourFavoriteASW
pedrovalor,Jensen_McRae
pedrovalor,RubenGallego
pedrovalor,nypdmaskwatch
pedrovalor,FWDus
pedrovalor,ColorJams
pedrovalor,JoshTheMayorWon
pedrovalor,clint_blakely
pedrovalor,aFairHotel
pedrovalor,MinoLora
pedrovalor,httpkoopa
pedrovalor,donk_enby
pedrovalor,jaxdellosso
pedrovalor,CarmenBMendoza
pedrovalor,thejensington
pedrovalor,shanhorandraws
pedrovalor,karnicky
pedrovalor,ElleOnWords
