2021-01-20 21:46:45,35692915,"b'RT @SumOfUs: In the wake of the failed coup, this week @Airbnb chose people over profit and canceled all Washington DC reservations in an e\xe2\x80\xa6'"
2021-01-20 03:28:46,1294400399827509267,b'RT @jimothybringus: Sound the horn folx:\n\n#DontRentDC #BoycottVRBO #BoycottExpedia @ProjectLincoln @melanieho13 @EmBrownDC @EristeoP @nbcwa\xe2\x80\xa6'
2021-01-20 01:23:17,864905983,b'RT @jimothybringus: Sound the horn folx:\n\n#DontRentDC #BoycottVRBO #BoycottExpedia @ProjectLincoln @melanieho13 @EmBrownDC @EristeoP @nbcwa\xe2\x80\xa6'
2021-01-19 21:33:53,15961090,b'@SteveSchmidtSES What do you &amp; @ProjectLincoln think of the @ExpediaGroup response to your and others calling @vrbo\xe2\x80\xa6 https://t.co/2AZKAtftO3'
2021-01-19 20:21:54,544504349,b'RT @jimothybringus: Sound the horn folx:\n\n#DontRentDC #BoycottVRBO #BoycottExpedia @ProjectLincoln @melanieho13 @EmBrownDC @EristeoP @nbcwa\xe2\x80\xa6'
2021-01-19 19:52:37,2420973121,b'Sound the horn folx:\n\n#DontRentDC #BoycottVRBO #BoycottExpedia @ProjectLincoln @melanieho13 @EmBrownDC @EristeoP\xe2\x80\xa6 https://t.co/enkJ8G2PIY'
2021-01-19 11:38:11,750246151,"b""RT @jimothybringus: I'm humbly asking all DC folks who rent via VRBO/Airbnb/etc. to refrain from renting/listing their properties from Janu\xe2\x80\xa6"""
2021-01-18 20:31:43,88363368,"b'RT @SumOfUs: In the wake of the failed coup, this week @Airbnb chose people over profit and canceled all Washington DC reservations in an e\xe2\x80\xa6'"
2021-01-18 20:30:00,320432933,"b'In the wake of the failed coup, this week @Airbnb chose people over profit and canceled all Washington DC reservati\xe2\x80\xa6 https://t.co/GvehfEUPgZ'"
2021-01-17 23:12:34,95268645,b'RT @jimothybringus: Want to thrive in our democracy? Help protect it.\n\n@CourtyardHotels @HiltonHotels @Hyatt @Westin @RitzCarlton @GlobalLu\xe2\x80\xa6'
2021-01-17 20:54:38,824689283403485185,b'RT @jimothybringus: @wolfblitzer @CNN @CNNSitRoom Join me in cancelling @vrbo - they are choosing profits over our democracy.\n\n#DontRentDC\xe2\x80\xa6'
2021-01-17 20:04:03,527535293,"b""#DontRentDC  Worked!  You Can't Book an AirBNB surrounding the Inauguration unlike the #CapitolRiots domestic terro\xe2\x80\xa6 https://t.co/r10quCRFvd"""
2021-01-17 19:44:17,1549677294,b'RT @goldone: @vrbo @sbplama The newlyweds in my family are responsible for organizing a big family get to know each other trip for both her\xe2\x80\xa6'
2021-01-17 19:32:12,1030614284,b'RT @DMVBlackLives: A White Supremacists tore down posters and assaulted our comrade at the #BLMMemorialFence on 11/14/2020. Unlike @DCPolic\xe2\x80\xa6'
2021-01-17 19:07:21,1291049893948080128,"b""RT @Janeese4DC: DC! Avoid renting out rooms on January 17-20. There's no way to guarantee that your guests are not coming to incite violenc\xe2\x80\xa6"""
2021-01-17 18:07:35,702199946565451776,b'#DontRentDC\nAirBnB good on you.  VRBO you are contributing to the denigration of our storied democracy I will never\xe2\x80\xa6 https://t.co/LMXA5Rzr7S'
2021-01-17 17:04:02,1341883995215208448,b'RT @jimothybringus: @kgirlartist66 @jacketrose86 @MSNBC And @vrbo has chosen to quarter these insurrectionists. VRBO has made it clear that\xe2\x80\xa6'
2021-01-17 16:57:52,1383189872,b'RT @jimothybringus: @kgirlartist66 @jacketrose86 @MSNBC And @vrbo has chosen to quarter these insurrectionists. VRBO has made it clear that\xe2\x80\xa6'
2021-01-17 16:47:56,860720408,b'RT @melanieho13: Encouraging #DC folks to pls refrain from listing on VRBO/Airbnb/etc. Jan 17-20. Pls realize POC neighbors are even more t\xe2\x80\xa6'
2021-01-17 15:28:07,31827732,b'RT @jimothybringus: @mmpadellan Now join me in cancelling @vrbo for choosing profits over our democracy.\n\n#BoycottVRBO #CancelVRBO #DontRen\xe2\x80\xa6'
2021-01-17 14:48:08,824035785712148482,b'@vrbo sheltering domestic terrorists? Is that your new brand? I won\xe2\x80\x99t be renting from you ever again. #DontRentDC'
2021-01-17 14:34:05,76679287,"b""RT @embodylib: We still haven't heard from you @vrbo. Will you help keep DC residents safe and hold white supremacists accountable? Follow\xe2\x80\xa6"""
2021-01-17 08:24:26,1238199487430082560,b'RT @jimothybringus: @kgirlartist66 @jacketrose86 @MSNBC And @vrbo has chosen to quarter these insurrectionists. VRBO has made it clear that\xe2\x80\xa6'
2021-01-17 07:38:48,42844277,b'@vrbo @Piszkiewhat You cannot rely on corporate codes of conduct and self-policing to rein in a seditious mob. You\xe2\x80\xa6 https://t.co/xEjietjJ6Z'
2021-01-17 07:25:15,286320383,b'RT @jimothybringus: @kgirlartist66 @jacketrose86 @MSNBC And @vrbo has chosen to quarter these insurrectionists. VRBO has made it clear that\xe2\x80\xa6'
2021-01-17 07:11:22,910004101240446976,"b""RT @jimothybringus: I'm humbly asking all DC folks who rent via VRBO/Airbnb/etc. to refrain from renting/listing their properties from Janu\xe2\x80\xa6"""
2021-01-17 06:51:26,709618484934742017,"b""RT @embodylib: We still haven't heard from you @vrbo. Will you help keep DC residents safe and hold white supremacists accountable? Follow\xe2\x80\xa6"""
2021-01-17 06:45:44,18314142,b'@vrbo @sbplama The newlyweds in my family are responsible for organizing a big family get to know each other trip f\xe2\x80\xa6 https://t.co/sBuvIJ5Bzn'
2021-01-17 06:37:54,1311791763632263169,"b"".@vrbo &amp; @Expedia \n\nFriends &amp; I have rented an estate with Vrbo for a long weekend in November 2021. It's basically\xe2\x80\xa6 https://t.co/7PYwUIbLRk"""
2021-01-17 06:37:01,828064979542765568,b'RT @jimothybringus: @wolfblitzer @CNN @CNNSitRoom Join me in cancelling @vrbo - they are choosing profits over our democracy.\n\n#DontRentDC\xe2\x80\xa6'
2021-01-17 06:22:58,884827526983495680,"b""RT @jimothybringus: I'm humbly asking all DC folks who rent via VRBO/Airbnb/etc. to refrain from renting/listing their properties from Janu\xe2\x80\xa6"""
2021-01-17 05:08:58,1287041575604957184,b'RT @jimothybringus: @mmpadellan Now join me in cancelling @vrbo for choosing profits over our democracy.\n\n#BoycottVRBO #CancelVRBO #DontRen\xe2\x80\xa6'
2021-01-17 03:49:59,825003757641404420,b'RT @jimothybringus: @vrbo Please take action to stop the quartering of insurrectionists within our communities ahead of the inauguration.\xe2\x80\xa6'
2021-01-17 03:13:46,233657813,"b""RT @jimothybringus: @BMeiselas @HawleyMO Not so fast. It seems like @vrbo doesn't mind being associated with those individuals.\n\nJoin me in\xe2\x80\xa6"""
2021-01-17 02:49:11,822944718216724481,b'RT @jimothybringus: @vrbo Please take action to stop the quartering of insurrectionists within our communities ahead of the inauguration.\xe2\x80\xa6'
2021-01-17 02:34:41,10987972,b'RT @jimothybringus: Silence is complicity. \n\n@vrbo your properties are in OUR neighborhoods.\n\nStop your silence.\n\n#DontRentDC https://t.co/\xe2\x80\xa6'
2021-01-17 02:21:30,1252562350479212544,b'RT @jimothybringus: @WDCreports I would purchase @vrbo and remove its C-Suite for choosing profits over our democracy.\n\n#CancelVRBO #Boycot\xe2\x80\xa6'
2021-01-17 02:01:55,2926351647,"b""RT @embodylib: We still haven't heard from you @vrbo. Will you help keep DC residents safe and hold white supremacists accountable? Follow\xe2\x80\xa6"""
2021-01-17 01:57:05,1304177281242468353,"b""RT @jimothybringus: @BMeiselas @HawleyMO Not so fast. It seems like @vrbo doesn't mind being associated with those individuals.\n\nJoin me in\xe2\x80\xa6"""
2021-01-17 01:35:16,1237841147512283138,b'RT @jimothybringus: @kgirlartist66 @jacketrose86 @MSNBC And @vrbo has chosen to quarter these insurrectionists. VRBO has made it clear that\xe2\x80\xa6'
2021-01-17 01:31:26,4790737996,"b""RT @jimothybringus: @politvidchannel @Libby22429610 Now it's time for @vrbo to step up and choose our democracy over its profits.\n\n#CancelV\xe2\x80\xa6"""
2021-01-17 01:23:02,2236983040,b'RT @jimothybringus: @kgirlartist66 @jacketrose86 @MSNBC And @vrbo has chosen to quarter these insurrectionists. VRBO has made it clear that\xe2\x80\xa6'
2021-01-17 01:10:30,1587963007,b'RT @jimothybringus: @kgirlartist66 @jacketrose86 @MSNBC And @vrbo has chosen to quarter these insurrectionists. VRBO has made it clear that\xe2\x80\xa6'
2021-01-17 01:10:11,924616158,b'RT @jimothybringus: @kgirlartist66 @jacketrose86 @MSNBC And @vrbo has chosen to quarter these insurrectionists. VRBO has made it clear that\xe2\x80\xa6'
2021-01-17 00:55:22,1247220176,b'RT @jimothybringus: @kgirlartist66 @jacketrose86 @MSNBC And @vrbo has chosen to quarter these insurrectionists. VRBO has made it clear that\xe2\x80\xa6'
2021-01-17 00:35:43,4900216603,b'@vrbo @Piszkiewhat This is pathetic. Do your part to prevent more violence and cancel reservations before your poli\xe2\x80\xa6 https://t.co/eAZLABDg7R'
2021-01-17 00:30:00,272984263,b'RT @jimothybringus: @wolfblitzer @CNN @CNNSitRoom Join me in cancelling @vrbo - they are choosing profits over our democracy.\n\n#DontRentDC\xe2\x80\xa6'
2021-01-16 23:54:38,1464199243,b'RT @jimothybringus: @wolfblitzer @CNN @CNNSitRoom Join me in cancelling @vrbo - they are choosing profits over our democracy.\n\n#DontRentDC\xe2\x80\xa6'
2021-01-16 23:49:28,1241787063776751619,b'RT @jimothybringus: @mmpadellan Now join me in cancelling @vrbo for choosing profits over our democracy.\n\n#BoycottVRBO #CancelVRBO #DontRen\xe2\x80\xa6'
2021-01-16 23:48:42,860726142,"b""RT @jimothybringus: @politvidchannel @Libby22429610 Now it's time for @vrbo to step up and choose our democracy over its profits.\n\n#CancelV\xe2\x80\xa6"""
2021-01-16 23:34:55,1350179725,b'RT @jimothybringus: @mmpadellan Now join me in cancelling @vrbo for choosing profits over our democracy.\n\n#BoycottVRBO #CancelVRBO #DontRen\xe2\x80\xa6'
2021-01-16 23:14:50,99825855,b'RT @jimothybringus: @mmpadellan Now join me in cancelling @vrbo for choosing profits over our democracy.\n\n#BoycottVRBO #CancelVRBO #DontRen\xe2\x80\xa6'
2021-01-16 23:14:21,842336192381235204,b'RT @jimothybringus: @mmpadellan Now join me in cancelling @vrbo for choosing profits over our democracy.\n\n#BoycottVRBO #CancelVRBO #DontRen\xe2\x80\xa6'
2021-01-16 22:57:22,3772869676,b'RT @jimothybringus: @mmpadellan Now join me in cancelling @vrbo for choosing profits over our democracy.\n\n#BoycottVRBO #CancelVRBO #DontRen\xe2\x80\xa6'
2021-01-16 22:56:22,45487451,b'RT @jimothybringus: @wolfblitzer @CNN @CNNSitRoom Join me in cancelling @vrbo - they are choosing profits over our democracy.\n\n#DontRentDC\xe2\x80\xa6'
2021-01-16 22:42:27,820869825643712512,"b""RT @Janeese4DC: DC! Avoid renting out rooms on January 17-20. There's no way to guarantee that your guests are not coming to incite violenc\xe2\x80\xa6"""
2021-01-16 22:32:47,31628388,"b""RT @Janeese4DC: DC! Avoid renting out rooms on January 17-20. There's no way to guarantee that your guests are not coming to incite violenc\xe2\x80\xa6"""
2021-01-16 22:32:23,23086574,"b""RT @Janeese4DC: DC! Avoid renting out rooms on January 17-20. There's no way to guarantee that your guests are not coming to incite violenc\xe2\x80\xa6"""
2021-01-16 22:13:38,3219856910,b'RT @jimothybringus: @mmpadellan Now join me in cancelling @vrbo for choosing profits over our democracy.\n\n#BoycottVRBO #CancelVRBO #DontRen\xe2\x80\xa6'
2021-01-16 22:07:59,788852155163607040,"b""RT @jimothybringus: @politvidchannel @Libby22429610 Now it's time for @vrbo to step up and choose our democracy over its profits.\n\n#CancelV\xe2\x80\xa6"""
2021-01-16 22:02:21,1325122535713730562,b'RT @jimothybringus: @funder Now join me in cancelling @vrbo for choosing profits over our democracy.\n\n#CancelVRBO #BoycottVRBO #DontRentDC\xe2\x80\xa6'
2021-01-16 21:59:37,48569391,b'RT @jimothybringus: @wolfblitzer @CNN @CNNSitRoom Join me in cancelling @vrbo - they are choosing profits over our democracy.\n\n#DontRentDC\xe2\x80\xa6'
2021-01-16 21:43:18,27642116,b'RT @jimothybringus: @wolfblitzer @CNN @CNNSitRoom Join me in cancelling @vrbo - they are choosing profits over our democracy.\n\n#DontRentDC\xe2\x80\xa6'
2021-01-16 21:39:40,1258500820464697346,b'RT @jimothybringus: @wolfblitzer @CNN @CNNSitRoom Join me in cancelling @vrbo - they are choosing profits over our democracy.\n\n#DontRentDC\xe2\x80\xa6'
2021-01-16 21:34:07,989926416,b'RT @jimothybringus: @wolfblitzer @CNN @CNNSitRoom Join me in cancelling @vrbo - they are choosing profits over our democracy.\n\n#DontRentDC\xe2\x80\xa6'
2021-01-16 21:25:10,16550581,b'RT @jimothybringus: @wolfblitzer @CNN @CNNSitRoom Join me in cancelling @vrbo - they are choosing profits over our democracy.\n\n#DontRentDC\xe2\x80\xa6'
2021-01-16 21:24:47,1191613383885426688,b'RT @jimothybringus: @wolfblitzer @CNN @CNNSitRoom Join me in cancelling @vrbo - they are choosing profits over our democracy.\n\n#DontRentDC\xe2\x80\xa6'
2021-01-16 21:20:54,2279736050,b'RT @jimothybringus: @wolfblitzer @CNN @CNNSitRoom Join me in cancelling @vrbo - they are choosing profits over our democracy.\n\n#DontRentDC\xe2\x80\xa6'
2021-01-16 21:14:33,1037034138249781248,"b'@vrbo @jimothybringus #DontRentDC Please, at least cancel reservations for those involved in the Jan. 6 coup attemp\xe2\x80\xa6 https://t.co/l8rH12WyEN'"
2021-01-16 20:50:59,486604083,b'RT @jimothybringus: @wolfblitzer @CNN @CNNSitRoom Join me in cancelling @vrbo - they are choosing profits over our democracy.\n\n#DontRentDC\xe2\x80\xa6'
2021-01-16 20:50:43,863947629981519872,"b""RT @jimothybringus: @BMeiselas @HawleyMO Not so fast. It seems like @vrbo doesn't mind being associated with those individuals.\n\nJoin me in\xe2\x80\xa6"""
2021-01-16 20:49:34,1724098321,b'RT @jimothybringus: @wolfblitzer @CNN @CNNSitRoom Join me in cancelling @vrbo - they are choosing profits over our democracy.\n\n#DontRentDC\xe2\x80\xa6'
2021-01-16 20:42:48,494763113,"b""RT @jimothybringus: @politvidchannel @Libby22429610 Now it's time for @vrbo to step up and choose our democracy over its profits.\n\n#CancelV\xe2\x80\xa6"""
2021-01-16 20:40:03,1081225579,b'RT @jimothybringus: @mmpadellan Now join me in cancelling @vrbo for choosing profits over our democracy.\n\n#BoycottVRBO #CancelVRBO #DontRen\xe2\x80\xa6'
2021-01-16 20:37:35,19658483,b'RT @jimothybringus: @kenolin1 and @vrbo is the worst short term rental organization ever.\n\n#CancelVRBO #BoycottVRBO #CancelExpedia #DontRen\xe2\x80\xa6'
2021-01-16 20:32:35,2531835690,"b""RT @jimothybringus: These aren't differences in political party affiliation, @vrbo. These are threats to our democracy.\n\n#CancelVRBO #Boyco\xe2\x80\xa6"""
2021-01-16 20:27:59,1349661526513352704,b'RT @jimothybringus: @wolfblitzer @CNN @CNNSitRoom Join me in cancelling @vrbo - they are choosing profits over our democracy.\n\n#DontRentDC\xe2\x80\xa6'
2021-01-16 20:26:36,390001555,b'RT @jimothybringus: @mmpadellan Now join me in cancelling @vrbo for choosing profits over our democracy.\n\n#BoycottVRBO #CancelVRBO #DontRen\xe2\x80\xa6'
2021-01-16 20:19:01,1318214937605406721,b'RT @jimothybringus: @mmpadellan Now join me in cancelling @vrbo for choosing profits over our democracy.\n\n#BoycottVRBO #CancelVRBO #DontRen\xe2\x80\xa6'
2021-01-16 20:12:39,890306613785088000,b'RT @jimothybringus: @mmpadellan Now join me in cancelling @vrbo for choosing profits over our democracy.\n\n#BoycottVRBO #CancelVRBO #DontRen\xe2\x80\xa6'
2021-01-16 20:11:16,339127746,b'RT @jimothybringus: @mmpadellan Now join me in cancelling @vrbo for choosing profits over our democracy.\n\n#BoycottVRBO #CancelVRBO #DontRen\xe2\x80\xa6'
2021-01-16 20:06:59,1290403822871945219,b'RT @jimothybringus: @funder Tell @vrbo to choose democracy over profits.\n\n#CancelVRBO #BoycottVRBO #DontRentDC \nhttps://t.co/kjxhtTsO1L'
2021-01-16 20:06:37,1087404873405136898,b'RT @jimothybringus: @wolfblitzer @CNN @CNNSitRoom Join me in cancelling @vrbo - they are choosing profits over our democracy.\n\n#DontRentDC\xe2\x80\xa6'
2021-01-16 20:05:52,155585042,b'RT @exfkaty: @vrbo I\xe2\x80\x99ve been a happy customer of yours for a while. In the wake of what just happened I\xe2\x80\x99m begging you: #DontRentDC Jan 17-21'
2021-01-16 20:05:25,1347349018175709184,"b""RT @jimothybringus: @parlertakes That's @vrbo quartering insurrectionists within our city for the presidents coup.\n\n#DontRentDC #BoycottVRBO"""
2021-01-16 20:03:43,582037089,b'RT @jimothybringus: @wolfblitzer @CNN @CNNSitRoom Join me in cancelling @vrbo - they are choosing profits over our democracy.\n\n#DontRentDC\xe2\x80\xa6'
2021-01-16 20:03:27,1242789888,b'RT @jimothybringus: @mmpadellan Now join me in cancelling @vrbo for choosing profits over our democracy.\n\n#BoycottVRBO #CancelVRBO #DontRen\xe2\x80\xa6'
2021-01-16 20:02:56,1348726612229988352,b'RT @jimothybringus: @wolfblitzer @CNN @CNNSitRoom Join me in cancelling @vrbo - they are choosing profits over our democracy.\n\n#DontRentDC\xe2\x80\xa6'
2021-01-16 20:02:08,786401937742635009,b'RT @jimothybringus: @wolfblitzer @CNN @CNNSitRoom Join me in cancelling @vrbo - they are choosing profits over our democracy.\n\n#DontRentDC\xe2\x80\xa6'
2021-01-16 19:59:56,171821762,b'RT @jimothybringus: @mmpadellan Now join me in cancelling @vrbo for choosing profits over our democracy.\n\n#BoycottVRBO #CancelVRBO #DontRen\xe2\x80\xa6'
2021-01-16 19:58:49,40170945,b'RT @jimothybringus: @mmpadellan Now join me in cancelling @vrbo for choosing profits over our democracy.\n\n#BoycottVRBO #CancelVRBO #DontRen\xe2\x80\xa6'
2021-01-16 19:58:40,739059025,b'RT @jimothybringus: @mmpadellan Now join me in cancelling @vrbo for choosing profits over our democracy.\n\n#BoycottVRBO #CancelVRBO #DontRen\xe2\x80\xa6'
2021-01-16 19:58:09,2770088613,"b""RT @embodylib: We still haven't heard from you @vrbo. Will you help keep DC residents safe and hold white supremacists accountable? Follow\xe2\x80\xa6"""
2021-01-16 19:57:48,1274899537597956097,b'RT @jimothybringus: Silence is complicity. \n\n@vrbo your properties are in OUR neighborhoods.\n\nStop your silence.\n\n#DontRentDC https://t.co/\xe2\x80\xa6'
2021-01-16 19:56:44,884828022850891778,b'RT @jimothybringus: @mmpadellan Now join me in cancelling @vrbo for choosing profits over our democracy.\n\n#BoycottVRBO #CancelVRBO #DontRen\xe2\x80\xa6'
2021-01-16 19:55:17,1324620730911256577,b'RT @jimothybringus: @mmpadellan Now join me in cancelling @vrbo for choosing profits over our democracy.\n\n#BoycottVRBO #CancelVRBO #DontRen\xe2\x80\xa6'
2021-01-16 19:51:49,1045839019244998657,b'RT @exfkaty: @vrbo I\xe2\x80\x99ve been a happy customer of yours for a while. In the wake of what just happened I\xe2\x80\x99m begging you: #DontRentDC Jan 17-21'
2021-01-16 19:50:43,66227294,b'RT @jimothybringus: @ChristinaKVUE @MargaretMenefee @KVUE This is who @vrbo chooses to stand by: insurrectionists and domestic terrorists.\xe2\x80\xa6'
2021-01-16 19:50:41,975731827091451905,"b'RT @jimothybringus: @parlertakes As long as businesses like @vrbo choose profits over democracy, these individuals will continue to spread\xe2\x80\xa6'"
2021-01-16 19:50:23,2312698814,"b""RT @jimothybringus: @BMeiselas @HawleyMO Not so fast. It seems like @vrbo doesn't mind being associated with those individuals.\n\nJoin me in\xe2\x80\xa6"""
2021-01-16 19:50:23,3223314524,b'RT @jimothybringus: @mmpadellan Now join me in cancelling @vrbo for choosing profits over our democracy.\n\n#BoycottVRBO #CancelVRBO #DontRen\xe2\x80\xa6'
2021-01-16 19:48:16,1205671738870136833,"b'RT @jimothybringus: @parlertakes As long as businesses like @vrbo choose profits over democracy, these individuals will continue to spread\xe2\x80\xa6'"
2021-01-16 19:47:58,1224536250029264897,b'RT @jimothybringus: @wolfblitzer @CNN @CNNSitRoom Join me in cancelling @vrbo - they are choosing profits over our democracy.\n\n#DontRentDC\xe2\x80\xa6'
2021-01-16 19:46:59,785060623,b'RT @jimothybringus: @mmpadellan Now join me in cancelling @vrbo for choosing profits over our democracy.\n\n#BoycottVRBO #CancelVRBO #DontRen\xe2\x80\xa6'
2021-01-16 19:45:00,1267904257530851328,b'RT @jimothybringus: @funder Now join me in cancelling @vrbo for choosing profits over our democracy.\n\n#CancelVRBO #BoycottVRBO #DontRentDC\xe2\x80\xa6'
2021-01-16 19:43:50,962015408122249216,b'RT @jimothybringus: @funder Now join me in cancelling @vrbo for choosing profits over our democracy.\n\n#CancelVRBO #BoycottVRBO #DontRentDC\xe2\x80\xa6'
2021-01-16 19:43:46,803593153521582080,b'RT @jimothybringus: @wolfblitzer @CNN @CNNSitRoom Join me in cancelling @vrbo - they are choosing profits over our democracy.\n\n#DontRentDC\xe2\x80\xa6'
2021-01-16 19:41:18,1332459979417280512,b'RT @jimothybringus: @mmpadellan Now join me in cancelling @vrbo for choosing profits over our democracy.\n\n#BoycottVRBO #CancelVRBO #DontRen\xe2\x80\xa6'
2021-01-16 19:40:19,6073052,b'RT @jimothybringus: @wolfblitzer @CNN @CNNSitRoom Join me in cancelling @vrbo - they are choosing profits over our democracy.\n\n#DontRentDC\xe2\x80\xa6'
2021-01-16 19:39:59,16316179,b'RT @jimothybringus: @mmpadellan Now join me in cancelling @vrbo for choosing profits over our democracy.\n\n#BoycottVRBO #CancelVRBO #DontRen\xe2\x80\xa6'
2021-01-16 19:39:48,1348609910515200000,b'RT @jimothybringus: @wolfblitzer @CNN @CNNSitRoom Join me in cancelling @vrbo - they are choosing profits over our democracy.\n\n#DontRentDC\xe2\x80\xa6'
2021-01-16 19:34:14,975885864524906496,b'RT @jimothybringus: @mmpadellan Now join me in cancelling @vrbo for choosing profits over our democracy.\n\n#BoycottVRBO #CancelVRBO #DontRen\xe2\x80\xa6'
2021-01-16 19:33:28,636989033,b'RT @jimothybringus: @funder Now join me in cancelling @vrbo for choosing profits over our democracy.\n\n#CancelVRBO #BoycottVRBO #DontRentDC\xe2\x80\xa6'
2021-01-16 19:32:09,826569170229800961,b'RT @jimothybringus: @funder Now join me in cancelling @vrbo for choosing profits over our democracy.\n\n#CancelVRBO #BoycottVRBO #DontRentDC\xe2\x80\xa6'
2021-01-16 19:31:42,37723132,b'RT @jimothybringus: @funder Now join me in cancelling @vrbo for choosing profits over our democracy.\n\n#CancelVRBO #BoycottVRBO #DontRentDC\xe2\x80\xa6'
2021-01-16 19:27:55,1051993705882763266,b'RT @jimothybringus: @funder Now join me in cancelling @vrbo for choosing profits over our democracy.\n\n#CancelVRBO #BoycottVRBO #DontRentDC\xe2\x80\xa6'
2021-01-16 19:26:08,2322729715,b'RT @jimothybringus: @funder Now join me in cancelling @vrbo for choosing profits over our democracy.\n\n#CancelVRBO #BoycottVRBO #DontRentDC\xe2\x80\xa6'
2021-01-16 18:04:04,271059548,"b'RT @melanieho13: COMPARE, CONTRAST, REMEMBER \n\nHow will we hold @ExpediaGroup @Expedia @vrbo  accountable for profiting off insurrection?\xe2\x80\xa6'"
2021-01-16 17:32:55,26333596,b'Rough weekend for @vrbo PR. #DontRentDC https://t.co/0V2qvSokeT'
2021-01-16 17:31:27,20256715,b'RT @jimothybringus: @RoArquette @davidmweissman And @vrbo chooses to profit off of them.\n\n#DontRentDC #BoycottVRBO https://t.co/R71q9Z3fJn'
2021-01-16 16:00:44,2324725980,b'@vrbo we just returned from our first ever vacation with Vrbo and I was looking forward to booking our next trip wi\xe2\x80\xa6 https://t.co/ZbFIg0cCMO'
2021-01-16 15:48:16,920045113,"b'RT @melanieho13: COMPARE, CONTRAST, REMEMBER \n\nHow will we hold @ExpediaGroup @Expedia @vrbo  accountable for profiting off insurrection?\xe2\x80\xa6'"
2021-01-16 15:37:01,14142441,"b'RT @melanieho13: COMPARE, CONTRAST, REMEMBER \n\nHow will we hold @ExpediaGroup @Expedia @vrbo  accountable for profiting off insurrection?\xe2\x80\xa6'"
2021-01-16 15:36:30,83409998,"b'RT @melanieho13: COMPARE, CONTRAST, REMEMBER \n\nHow will we hold @ExpediaGroup @Expedia @vrbo  accountable for profiting off insurrection?\xe2\x80\xa6'"
2021-01-16 14:34:12,3171268052,"b""RT @jimothybringus: I'm humbly asking all DC folks who rent via VRBO/Airbnb/etc. to refrain from renting/listing their properties from Janu\xe2\x80\xa6"""
2021-01-16 12:23:49,16114943,"b""RT @embodylib: We still haven't heard from you @vrbo. Will you help keep DC residents safe and hold white supremacists accountable? Follow\xe2\x80\xa6"""
2021-01-16 08:16:28,16977860,"b""RT @embodylib: We still haven't heard from you @vrbo. Will you help keep DC residents safe and hold white supremacists accountable? Follow\xe2\x80\xa6"""
2021-01-16 07:53:51,759809527457935360,"b""Sounds like there's going to be some good last minute deals #DontRentDC"""
2021-01-16 07:52:40,88645869,"b""RT @embodylib: We still haven't heard from you @vrbo. Will you help keep DC residents safe and hold white supremacists accountable? Follow\xe2\x80\xa6"""
2021-01-16 07:28:09,187017598,"b""RT @Janeese4DC: DC! Avoid renting out rooms on January 17-20. There's no way to guarantee that your guests are not coming to incite violenc\xe2\x80\xa6"""
2021-01-16 01:22:39,324006281,"b""RT @embodylib: We still haven't heard from you @vrbo. Will you help keep DC residents safe and hold white supremacists accountable? Follow\xe2\x80\xa6"""
2021-01-16 00:28:38,34125609,b'RT @maraleia: Why is .@vrbo not cancelling all DC area property rentals from tomorrow to Thursday Jan. 21? Do they support traitors/insurre\xe2\x80\xa6'
2021-01-16 00:27:28,232757559,"b""RT @jimothybringus: @vrbo This is not enough and I'm calling for a boycott of your services until you do better.\n\n#DontRentDC \n\nhttps://t.c\xe2\x80\xa6"""
2021-01-16 00:26:43,147399749,"b'Wow, @vrbo is a piece of shit company. I hope it gets sued into oblivion. #DontRentDC https://t.co/krPBiRIk1q'"
2021-01-16 00:26:13,17243703,b'Why is .@vrbo not cancelling all DC area property rentals from tomorrow to Thursday Jan. 21? Do they support traito\xe2\x80\xa6 https://t.co/eYpYDeVZW6'
2021-01-15 22:17:05,279196134,b'And does this also mean that @vrbo would rather not alienate extremist customers who have a high probability of sta\xe2\x80\xa6 https://t.co/PXWfmc5sc0'
2021-01-15 21:31:22,1172630453960019970,b'@vrbo @Expedia when hosts cancel reservations their accounts on VRBO get dinged and are pushed further down on the\xe2\x80\xa6 https://t.co/eCKc4M2ThW'
2021-01-15 20:57:26,1177698885575163904,b'RT @melanieho13: Encouraging #DC folks to pls refrain from listing on VRBO/Airbnb/etc. Jan 17-20. Pls realize POC neighbors are even more t\xe2\x80\xa6'
2021-01-15 19:22:04,1263191876749987840,b'RT @DMVBlackLives: .@CapitalHilton @GrandHyattDC @HayAdamsHotel @mhMetroCenter @HolidayInn @Marriott we demand that you #DefendDC and close\xe2\x80\xa6'
2021-01-15 18:23:21,1032433551000489984,b'RT @DMVBlackLives: .@CapitalHilton @GrandHyattDC @HayAdamsHotel @mhMetroCenter @HolidayInn @Marriott we demand that you #DefendDC and close\xe2\x80\xa6'
2021-01-15 18:20:18,14367751,b'RT @embodylib: @Expedia you still have a lot of DC listings available on the @vrbo website for January 15-22. Will you help keep DC residen\xe2\x80\xa6'
2021-01-15 15:06:40,1232735065404313604,b'RT @fancyladyleague: .@HiltonHotels It\xe2\x80\x99s not too late to do the right thing and keep fascists from staying in your DC-area properties. #Don\xe2\x80\xa6'
2021-01-15 15:04:58,574202229,b'.@HiltonHotels It\xe2\x80\x99s not too late to do the right thing and keep fascists from staying in your DC-area properties.\xe2\x80\xa6 https://t.co/ZwAm6TbPiU'
2021-01-15 12:30:53,909025625356238853,"b""RT @Janeese4DC: DC! Avoid renting out rooms on January 17-20. There's no way to guarantee that your guests are not coming to incite violenc\xe2\x80\xa6"""
2021-01-15 07:49:47,17280023,b'@lesliejosephs They should just ban flights for the week. Kind of like AirBnB closed up shop to protect DC and DC r\xe2\x80\xa6 https://t.co/8Tfdeummtp'
2021-01-15 05:33:28,2880306790,"b""RT @Janeese4DC: DC! Avoid renting out rooms on January 17-20. There's no way to guarantee that your guests are not coming to incite violenc\xe2\x80\xa6"""
2021-01-15 01:52:37,1303075615994777601,b'RT @fox5dc: #DontRentDC trends as District residents brace for another insurrection https://t.co/97W8Qjhubp https://t.co/annJdJqtlh'
2021-01-14 23:26:32,12470902,"b""RT @Janeese4DC: DC! Avoid renting out rooms on January 17-20. There's no way to guarantee that your guests are not coming to incite violenc\xe2\x80\xa6"""
2021-01-14 21:39:47,1484366101,"b'RT @StopCopTerrorDC: Keep calling, emailing, reviewing, and tweeting! Tell DC hotels #DontHostHate \n\nhttps://t.co/HiNgUNKAqG\n\n#DontRentDC #\xe2\x80\xa6'"
2021-01-14 21:17:00,1236866669206740992,"b""RT @Janeese4DC: DC! Avoid renting out rooms on January 17-20. There's no way to guarantee that your guests are not coming to incite violenc\xe2\x80\xa6"""
2021-01-14 21:12:31,26417015,"b""RT @Janeese4DC: DC! Avoid renting out rooms on January 17-20. There's no way to guarantee that your guests are not coming to incite violenc\xe2\x80\xa6"""
2021-01-14 21:11:10,419966548,"b""RT @Janeese4DC: DC! Avoid renting out rooms on January 17-20. There's no way to guarantee that your guests are not coming to incite violenc\xe2\x80\xa6"""
2021-01-14 21:08:40,1177422441577975809,"b""RT @Janeese4DC: DC! Avoid renting out rooms on January 17-20. There's no way to guarantee that your guests are not coming to incite violenc\xe2\x80\xa6"""
2021-01-14 21:08:13,843930447663058945,"b""RT @Janeese4DC: DC! Avoid renting out rooms on January 17-20. There's no way to guarantee that your guests are not coming to incite violenc\xe2\x80\xa6"""
2021-01-14 19:57:40,35013608,b'Be careful DC. \n\n#Inauguration2021 #Biden #DontRentDC https://t.co/Ouv7aLp4Iq'
2021-01-14 19:02:44,14067886,"b'RT @melanieho13: Folks, we need to keep #DontRentDC trending. Airbnb was just the first step. Hotels next. @MayorBowser @dcmayorsoffice - w\xe2\x80\xa6'"
2021-01-14 18:57:03,15246892,"b'RT @FooteSteppes: ""I wouldn\'t recommend renting to Melissa."" #DontRentDC #DontHostHate'"
2021-01-14 18:17:35,2499929330,"b'RT @StopCopTerrorDC: Keep calling, emailing, reviewing, and tweeting! Tell DC hotels #DontHostHate \n\nhttps://t.co/HiNgUNKAqG\n\n#DontRentDC #\xe2\x80\xa6'"
2021-01-14 17:55:04,82373091,b'RT @alexgdodds: Close hotels. Pay workers to stay home. \n\n@Hyatt\n \n@HiltonHotels\n \n@Marriott\n \n@MarriottIntl\n \n@thelinehotel\n \n@HayAdamsHot\xe2\x80\xa6'
2021-01-14 17:54:37,273540555,b'RT @alexgdodds: Close hotels. Pay workers to stay home. \n\n@Hyatt\n \n@HiltonHotels\n \n@Marriott\n \n@MarriottIntl\n \n@thelinehotel\n \n@HayAdamsHot\xe2\x80\xa6'
2021-01-14 17:52:46,14426645,b'RT @alexgdodds: Close hotels. Pay workers to stay home. \n\n@Hyatt\n \n@HiltonHotels\n \n@Marriott\n \n@MarriottIntl\n \n@thelinehotel\n \n@HayAdamsHot\xe2\x80\xa6'
2021-01-14 17:42:48,168957465,"b'RT @StopCopTerrorDC: Keep calling, emailing, reviewing, and tweeting! Tell DC hotels #DontHostHate \n\nhttps://t.co/HiNgUNKAqG\n\n#DontRentDC #\xe2\x80\xa6'"
2021-01-14 17:41:51,1342318868509974531,b'RT @StopCopTerrorDC: CONTACT CORPORATE OWNERS AND EXECUTIVES. Tell them they will be held accountable for their hotels hosting violent whit\xe2\x80\xa6'
2021-01-14 17:18:26,871858796179673089,b'Is this #DontRentDC ? https://t.co/5Eru0TjnuE'
2021-01-14 17:00:59,1423711507,"b'RT @StopCopTerrorDC: Keep calling, emailing, reviewing, and tweeting! Tell DC hotels #DontHostHate \n\nhttps://t.co/HiNgUNKAqG\n\n#DontRentDC #\xe2\x80\xa6'"
2021-01-14 16:39:25,37323294,"b'RT @StopCopTerrorDC: Keep calling, emailing, reviewing, and tweeting! Tell DC hotels #DontHostHate \n\nhttps://t.co/HiNgUNKAqG\n\n#DontRentDC #\xe2\x80\xa6'"
2021-01-14 16:28:47,2395412840,"b'RT @StopCopTerrorDC: Keep calling, emailing, reviewing, and tweeting! Tell DC hotels #DontHostHate \n\nhttps://t.co/HiNgUNKAqG\n\n#DontRentDC #\xe2\x80\xa6'"
2021-01-14 16:26:38,1626799250,b'RT @StopCopTerrorDC: CONTACT HOTEL MANAGERS. Tell them to close their hotels and give employees paid leave for the safety of their employee\xe2\x80\xa6'
2021-01-14 16:22:42,18184142,"b'RT @StopCopTerrorDC: Keep calling, emailing, reviewing, and tweeting! Tell DC hotels #DontHostHate \n\nhttps://t.co/HiNgUNKAqG\n\n#DontRentDC #\xe2\x80\xa6'"
2021-01-14 16:22:14,1240724663979958272,"b'RT @StopCopTerrorDC: Keep calling, emailing, reviewing, and tweeting! Tell DC hotels #DontHostHate \n\nhttps://t.co/HiNgUNKAqG\n\n#DontRentDC #\xe2\x80\xa6'"
2021-01-14 16:22:06,1350728460,"b'RT @StopCopTerrorDC: Keep calling, emailing, reviewing, and tweeting! Tell DC hotels #DontHostHate \n\nhttps://t.co/HiNgUNKAqG\n\n#DontRentDC #\xe2\x80\xa6'"
2021-01-14 16:21:54,3379258144,"b'Keep calling, emailing, reviewing, and tweeting! Tell DC hotels #DontHostHate \n\nhttps://t.co/HiNgUNKAqG\xe2\x80\xa6 https://t.co/yIsj6RE9YN'"
2021-01-14 14:54:45,296886018,"b'RT @DMVBlackLives: .@MayorBowser don\xe2\x80\x99t just ask them not to travel to @washingtondc, take a bold stand like @DMVBlackLives and @ShutDown_DC\xe2\x80\xa6'"
2021-01-14 13:16:51,3225532001,"b'A Reservation for Insurrection Paul thought his Airbnb guests were tourists, until he heard: \xe2\x80\x9cWe stormed the Capito\xe2\x80\xa6 https://t.co/bYZ1mlpKDD'"
2021-01-14 09:50:49,3370001,b'Will @Airbnb do right? #DontRentDC https://t.co/Q1nJWtnwKP'
2021-01-14 07:05:35,22568599,b'RT @melanieho13: Encouraging #DC folks to pls refrain from listing on VRBO/Airbnb/etc. Jan 17-20. Pls realize POC neighbors are even more t\xe2\x80\xa6'
2021-01-14 06:53:46,3225845412,b'RT @aletweetsnews: Local activists were pressuring Airbnb to cancel reservations for the inauguration. Nextdoor groups took part in a campa\xe2\x80\xa6'
2021-01-14 05:48:11,928859678,b'RT @StopCopTerrorDC: CONTACT CORPORATE OWNERS AND EXECUTIVES. Tell them they will be held accountable for their hotels hosting violent whit\xe2\x80\xa6'
2021-01-14 05:33:11,1146486247474565120,b'RT @StopCopTerrorDC: CONTACT HOTEL MANAGERS. Tell them to close their hotels and give employees paid leave for the safety of their employee\xe2\x80\xa6'
2021-01-14 05:30:08,247831098,"b'RT @DMVBlackLives: .@MayorBowser don\xe2\x80\x99t just ask them not to travel to @washingtondc, take a bold stand like @DMVBlackLives and @ShutDown_DC\xe2\x80\xa6'"
2021-01-14 05:24:30,252412547,b'RT @NewsweekCulture: Airbnb to Halt D.C.-Area Rentals Through Inauguration Day After #DontRentDC Campaign https://t.co/2xyEv2BdYM'
2021-01-14 05:00:51,831642651971645440,b'RT @melanieho13: Encouraging #DC folks to pls refrain from listing on VRBO/Airbnb/etc. Jan 17-20. Pls realize POC neighbors are even more t\xe2\x80\xa6'
2021-01-14 04:09:23,1273692444584902657,b'Airbnb to Halt D.C.-Area Rentals Through Inauguration Day After #DontRentDC Campaign https://t.co/2xyEv2BdYM'
2021-01-14 04:07:50,386550399,"b'RT @alexgdodds: If you are an @Airbnb host who was not planning to shelter a vulnerable neighbor before but would be willing to do so now,\xe2\x80\xa6'"
2021-01-14 03:49:22,4859251152,"b'RT @alexgdodds: If you are an @Airbnb host who was not planning to shelter a vulnerable neighbor before but would be willing to do so now,\xe2\x80\xa6'"
2021-01-14 03:33:22,3904400901,"b'RT @alexgdodds: If you are an @Airbnb host who was not planning to shelter a vulnerable neighbor before but would be willing to do so now,\xe2\x80\xa6'"
2021-01-14 02:53:21,741997322477961216,"b'RT @DMVBlackLives: .@MayorBowser don\xe2\x80\x99t just ask them not to travel to @washingtondc, take a bold stand like @DMVBlackLives and @ShutDown_DC\xe2\x80\xa6'"
2021-01-14 02:51:41,28466573,"b'RT @alexgdodds: If you are an @Airbnb host who was not planning to shelter a vulnerable neighbor before but would be willing to do so now,\xe2\x80\xa6'"
2021-01-14 02:24:53,19944613,"b'RT @alexgdodds: If you are an @Airbnb host who was not planning to shelter a vulnerable neighbor before but would be willing to do so now,\xe2\x80\xa6'"
2021-01-14 01:56:34,1349527227575250952,b'RT @RehanaMohammed: It worked! Thank you to everyone who has joined us in pushing for Airbnb to #DontRentDC! So glad to see that @Airbnb wi\xe2\x80\xa6'
2021-01-14 01:46:50,1048312984957796352,b'RT @StopCopTerrorDC: CONTACT CORPORATE OWNERS AND EXECUTIVES. Tell them they will be held accountable for their hotels hosting violent whit\xe2\x80\xa6'
2021-01-14 01:14:19,404462916,"b'The power of grassroots advocacy. Great work, #DontRentDC. https://t.co/35uCWfifI6'"
2021-01-14 01:07:49,3301119540,b'RT @StopCopTerrorDC: CONTACT CORPORATE OWNERS AND EXECUTIVES. Tell them they will be held accountable for their hotels hosting violent whit\xe2\x80\xa6'
2021-01-14 00:57:25,1952843959,"b'RT @DMVBlackLives: .@MayorBowser don\xe2\x80\x99t just ask them not to travel to @washingtondc, take a bold stand like @DMVBlackLives and @ShutDown_DC\xe2\x80\xa6'"
2021-01-14 00:29:16,367843406,b'RT @StopCopTerrorDC: CONTACT HOTEL MANAGERS. Tell them to close their hotels and give employees paid leave for the safety of their employee\xe2\x80\xa6'
2021-01-14 00:21:04,576868593,b'RT @StopCopTerrorDC: CONTACT HOTEL MANAGERS. Tell them to close their hotels and give employees paid leave for the safety of their employee\xe2\x80\xa6'
2021-01-14 00:14:40,19639814,"b""RT @Janeese4DC: DC! Avoid renting out rooms on January 17-20. There's no way to guarantee that your guests are not coming to incite violenc\xe2\x80\xa6"""
2021-01-14 00:11:38,1007619192,b'RT @StopCopTerrorDC: CONTACT CORPORATE OWNERS AND EXECUTIVES. Tell them they will be held accountable for their hotels hosting violent whit\xe2\x80\xa6'
2021-01-14 00:11:11,254750176,b'RT @StopCopTerrorDC: CONTACT HOTEL MANAGERS. Tell them to close their hotels and give employees paid leave for the safety of their employee\xe2\x80\xa6'
2021-01-14 00:10:35,1090722675335544832,b'RT @StopCopTerrorDC: CONTACT HOTEL MANAGERS. Tell them to close their hotels and give employees paid leave for the safety of their employee\xe2\x80\xa6'
2021-01-14 00:08:48,1167697135359287296,b'RT @StopCopTerrorDC: CONTACT HOTEL MANAGERS. Tell them to close their hotels and give employees paid leave for the safety of their employee\xe2\x80\xa6'
