FlynnFan1,RWParlerWatch
FlynnFan1,anagaitismemes
FlynnFan1,alisonmartino
FlynnFan1,itsa_talia
FlynnFan1,Fannagaitis
FlynnFan1,AntiFashGordon
FlynnFan1,socialistdogmom
FlynnFan1,chick_in_kiev
FlynnFan1,MJMcKean
FlynnFan1,JElvisWeinstein
FlynnFan1,CriminallyListd
FlynnFan1,TomAndIsabelle2
FlynnFan1,MikeStoklasa
FlynnFan1,D_Awesomelaser
FlynnFan1,yt_brief
FlynnFan1,H11177425
FlynnFan1,tativoorhees
FlynnFan1,JunoBirch
FlynnFan1,AJemaineClement
FlynnFan1,george_actor
FlynnFan1,RedPineHospital
FlynnFan1,BillCorbett
FlynnFan1,GluttonGod
FlynnFan1,ignatius_sancho
FlynnFan1,acruzwriter
ClinkAndChat,CaesarsMeetings
ClinkAndChat,SmartMeetings
ClinkAndChat,SmartMtgsJT
ClinkAndChat,willianpbusch
ClinkAndChat,schoolrubric
ClinkAndChat,mcnees
ClinkAndChat,MaryBethMegan1
ClinkAndChat,lisarunsonfaith
ClinkAndChat,ThankfulThinker
ClinkAndChat,terrycobb187
ClinkAndChat,cabotcovecast
ClinkAndChat,Adolfbaba
ClinkAndChat,EpicReads
ClinkAndChat,BLavernos
ClinkAndChat,258coffee
ClinkAndChat,woodfordauthor
ClinkAndChat,CarissaATaylor
ClinkAndChat,tsm_onlinebiz
ClinkAndChat,EntryLevelRebel
ClinkAndChat,LeiaRx
ClinkAndChat,ToonMoene
ClinkAndChat,bootsndiamonds
ClinkAndChat,FACTescence
ClinkAndChat,ndelriego
ClinkAndChat,StanleyBlkDeckr
adamgriffiths,RFlaherty46
adamgriffiths,PressSec
adamgriffiths,tiffromthe6
adamgriffiths,spillitofficial
adamgriffiths,schultzinit
adamgriffiths,ruthetam
adamgriffiths,TheAmandaGorman
adamgriffiths,KamalaHarris
adamgriffiths,SecondGentleman
adamgriffiths,VP
adamgriffiths,FLOTUS
adamgriffiths,POTUS
adamgriffiths,tecnobruno
adamgriffiths,letterdropco
adamgriffiths,NewsletterNerds
adamgriffiths,ponycakethecat
adamgriffiths,everydaycaitlin
adamgriffiths,feistyfrank
adamgriffiths,cculbertosborn
adamgriffiths,lynseychutel
adamgriffiths,ThatAmelia
adamgriffiths,tomallencomedy
adamgriffiths,kevlardc
adamgriffiths,arnie_parnie
adamgriffiths,jgeltzer
DanaMUA,hurdles537
DanaMUA,IVWall
DanaMUA,Penprince_
DanaMUA,ME_addicts
DanaMUA,monstrous_femme
DanaMUA,pythonpatsy
DanaMUA,melanieho13
DanaMUA,BlkWomenPhoto
DanaMUA,donk_enby
DanaMUA,aaas
DanaMUA,MyVintageSoul
DanaMUA,nervepills1
DanaMUA,lynneedenise
DanaMUA,bjcolangelo
DanaMUA,PhilNobileJr
DanaMUA,ethanfmcleod
DanaMUA,blackfemphotogs
DanaMUA,k2kellykelley
DanaMUA,LaurenUnderwood
DanaMUA,LavenderleFay
DanaMUA,OliviaObineme
DanaMUA,Juney_Springs
DanaMUA,ovoschaun
DanaMUA,_yoshann
DanaMUA,freeblackgirl
SocsVsEveryone,OpenSecretsDC
SocsVsEveryone,garthbrooks
SocsVsEveryone,SymoneDSanders
SocsVsEveryone,DrBiden
SocsVsEveryone,PeteButtigieg
SocsVsEveryone,SenAlexPadilla
SocsVsEveryone,EspacioMigrante
SocsVsEveryone,diplobrasil
SocsVsEveryone,SecondGentleman
SocsVsEveryone,slaversofny
SocsVsEveryone,tedlieu
SocsVsEveryone,RevistaFactum
SocsVsEveryone,sorelfootwear
SocsVsEveryone,AllenLEllison
SocsVsEveryone,MacArthrJustice
SocsVsEveryone,concernedofdc
SocsVsEveryone,TTCabolition
SocsVsEveryone,TheArtist_MBS
SocsVsEveryone,DCStreetMedicC1
SocsVsEveryone,dmv_mutualaid
SocsVsEveryone,TheLiveMovemen1
SocsVsEveryone,blmumcp
SocsVsEveryone,FFDC2020
SocsVsEveryone,occupydc202
SocsVsEveryone,POTUS
