whatmakesitgr8,TheAmandaGorman
whatmakesitgr8,FLOTUS
whatmakesitgr8,POTUS
whatmakesitgr8,DemocracyDocket
whatmakesitgr8,PatinkinMandy
whatmakesitgr8,SpiroAgnewGhost
whatmakesitgr8,BillKristol
whatmakesitgr8,chefjoseandres
whatmakesitgr8,NJGov
whatmakesitgr8,GovofCO
whatmakesitgr8,PhilEhr
whatmakesitgr8,mjhegar
whatmakesitgr8,AmyMcGrathKY
whatmakesitgr8,harrisonjaime
whatmakesitgr8,PhilArballo2020
whatmakesitgr8,TedraCobb
whatmakesitgr8,ABREG_1
whatmakesitgr8,RobertIrwin
whatmakesitgr8,DevinCow
whatmakesitgr8,XplodingUnicorn
whatmakesitgr8,TerribleMaps
whatmakesitgr8,iamrodneysmith
whatmakesitgr8,ColeyMick
whatmakesitgr8,whatwouldDOOdo
whatmakesitgr8,dog_feelings
whatmakesitgr8,IvePetThatDog
whatmakesitgr8,keithhernandez
whatmakesitgr8,BuckyIsotope
whatmakesitgr8,Emma4Change
whatmakesitgr8,CespedesBBQ
whatmakesitgr8,Enrique_Rojas1
whatmakesitgr8,dog_rates
whatmakesitgr8,planetepics
whatmakesitgr8,craigawright
whatmakesitgr8,PeteFrates3
whatmakesitgr8,FacesPics
whatmakesitgr8,BarackObama
whatmakesitgr8,SoxSignatures
whatmakesitgr8,baratunde
whatmakesitgr8,PatMcAfeeShow
whatmakesitgr8,BaseballAlmanac
whatmakesitgr8,baseball_ref
whatmakesitgr8,sockington
whatmakesitgr8,asben16
whatmakesitgr8,PlayersTribune
whatmakesitgr8,nlbmprez
whatmakesitgr8,CY24_7
whatmakesitgr8,ABQTopes
whatmakesitgr8,greatstuffTM
whatmakesitgr8,Eich_AJ
mom4middleclass,PressSec
mom4middleclass,MrsMorrow07
mom4middleclass,KimMangone
mom4middleclass,CDCDirector
mom4middleclass,VP
mom4middleclass,mayaharris_
mom4middleclass,hildabast
mom4middleclass,deeptabhattacha
mom4middleclass,MatthewDalyWDC
mom4middleclass,jeneps
mom4middleclass,JenaFriedman
mom4middleclass,shomaristone
mom4middleclass,oliverdarcy
mom4middleclass,smotus
mom4middleclass,SecondGentleman
mom4middleclass,POTUS
mom4middleclass,meenaharris
mom4middleclass,BeschlossDC
mom4middleclass,half_witt
mom4middleclass,MZanona
mom4middleclass,McDeereUSA
mom4middleclass,DRoseTV
mom4middleclass,DanaBashCNN
mom4middleclass,JaneMayerNYer
mom4middleclass,RepMeijer
mom4middleclass,SenSchumer
mom4middleclass,DavidBegnaud
mom4middleclass,AAAWisconsin
mom4middleclass,RepDeSaulnier
mom4middleclass,Burrite
mom4middleclass,tedlieu
mom4middleclass,renato_mariotti
mom4middleclass,RichKremer
mom4middleclass,katherinemiller
mom4middleclass,SenWhitehouse
mom4middleclass,rgoodlaw
mom4middleclass,davidplouffe
mom4middleclass,schwartzbCNBC
mom4middleclass,rebeccaballhaus
mom4middleclass,bradheath
mom4middleclass,MichaelSteele
mom4middleclass,JulianCastro
mom4middleclass,kwelkernbc
mom4middleclass,WisconsinStrong
mom4middleclass,trom771
mom4middleclass,RepKinzinger
mom4middleclass,eliehonig
mom4middleclass,CathyMyersWI
mom4middleclass,ActorsEquity
mom4middleclass,RepEscobar
sherrybolley,amydiehl
sherrybolley,kat_cary
sherrybolley,Tawmie63
sherrybolley,WinCalendar
sherrybolley,TLC238
sherrybolley,chefporkchop19
sherrybolley,GottaWakeUpPlz
sherrybolley,Jacobjonesjj1
sherrybolley,luulitstore
sherrybolley,PressSec
sherrybolley,PetersKenn
sherrybolley,BeautyfromItaly
sherrybolley,Linda_from_CT
sherrybolley,raldavis
sherrybolley,AnRe_6
sherrybolley,GlynisByrd
sherrybolley,GinaMK
sherrybolley,FmRebecca
sherrybolley,brandymstanford
sherrybolley,baddonaldbad
sherrybolley,martydoconnor
sherrybolley,k_tpie6
sherrybolley,richberger5
sherrybolley,pdonahue1107
sherrybolley,BidenIsMyPOTUS
sherrybolley,steveontwitty
sherrybolley,BogleBogle5
sherrybolley,PETERDeeGREAT
sherrybolley,ValPicard
sherrybolley,Me78120345
sherrybolley,imlilyv
sherrybolley,chirprn
sherrybolley,KisaiyaDawn
sherrybolley,Toffifay76
sherrybolley,Metal__Lady
sherrybolley,RolandLewinsky
sherrybolley,CaroLicar2
sherrybolley,FinleyDBasset
sherrybolley,DemocracyDocket
sherrybolley,jayne_golden
sherrybolley,FaustusSaxon
sherrybolley,KaniewskiAdrian
sherrybolley,MikeRJohnson777
sherrybolley,HocToronto
sherrybolley,crazyzoolady29
sherrybolley,locon05212575
sherrybolley,JulitPhi6412012
sherrybolley,MrPinocle
sherrybolley,PearlJam
sherrybolley,BlissfullyFreed
AustinShelly6,PLCNarrativeStr
AustinShelly6,thomaskaine5
AustinShelly6,POTUS
AustinShelly6,ChrisCountry1st
AustinShelly6,taradublinrocks
AustinShelly6,MacinnisCarla
AustinShelly6,TheTinaVasquez
AustinShelly6,PaulSteveSamuel
AustinShelly6,chipfranklin
AustinShelly6,PatinkinMandy
AustinShelly6,KatzOnEarth
AustinShelly6,TexDem16
AustinShelly6,Cleavon_MD
AustinShelly6,JoyceWhiteVance
AustinShelly6,MeidasTouch
AustinShelly6,D_Abdullateef
AustinShelly6,tax_concerned
AustinShelly6,independant1492
AustinShelly6,ScreamingByte
AustinShelly6,CDCgov
AustinShelly6,mmpadellan
AustinShelly6,Yamiche
AustinShelly6,Attilla_dehun
AustinShelly6,Lesdoggg
AustinShelly6,CBengelCBS
AustinShelly6,Taniel
AustinShelly6,JRubinBlogger
AustinShelly6,maggieNYT
AustinShelly6,MarthVincent14
AustinShelly6,zachdespart
AustinShelly6,WriteOnSoThere
AustinShelly6,MaxKennerly
AustinShelly6,jayblackisfunny
AustinShelly6,pongosapien
AustinShelly6,BombshellDAILY
AustinShelly6,Olivianuzzi
AustinShelly6,MaryRubio1
AustinShelly6,SteveSchmidtSES
AustinShelly6,perlmutations
AustinShelly6,MeliMels99
AustinShelly6,ModerateCa
AustinShelly6,tomiahonen
AustinShelly6,NoDemLeftBehind
AustinShelly6,Ojeda4America
AustinShelly6,AVindman
AustinShelly6,JudyElliott1
AustinShelly6,davidmweissman
AustinShelly6,mehdirhasan
AustinShelly6,votevets
AustinShelly6,maegutz
wordwarrior16,WHCOVIDResponse
wordwarrior16,AllenBGlines
wordwarrior16,PressSec
wordwarrior16,FLOTUS
wordwarrior16,POTUS
wordwarrior16,realTuckFrumper
wordwarrior16,BlackCatUnloads
wordwarrior16,amyklobuchar
wordwarrior16,DemocracyDocket
wordwarrior16,editwhatuwant
wordwarrior16,Ordinary1World
wordwarrior16,staceyabrams
wordwarrior16,johnfeal2
wordwarrior16,Amy_Wishart
wordwarrior16,georgehahn
wordwarrior16,Meidas_USC
wordwarrior16,andwerth
wordwarrior16,bradheath
wordwarrior16,Cats4Pete
wordwarrior16,JoeyGlezman
wordwarrior16,fluffigieg
wordwarrior16,RedTRaccoon
wordwarrior16,glennkirschner2
wordwarrior16,ValerieJarrett
wordwarrior16,sarahcpr
wordwarrior16,DrBiden
wordwarrior16,PaulDereume
wordwarrior16,Bentcat700Tx
wordwarrior16,BulldogBen
wordwarrior16,ButtersKatz
wordwarrior16,JungmanLaura
wordwarrior16,KathMSchmidt
wordwarrior16,C_C_Krebs
wordwarrior16,ReliableSources
wordwarrior16,nickwendell
wordwarrior16,JodiOrth
wordwarrior16,Junopuppy21
wordwarrior16,ConcedingTrump
wordwarrior16,GabeDiLaurentis
wordwarrior16,demunderground
wordwarrior16,ri_lash
wordwarrior16,CaptMarkKelly
wordwarrior16,GreenfieldIowa
wordwarrior16,harrisonjaime
wordwarrior16,ossoff
wordwarrior16,LisainNJUSA
wordwarrior16,ReverendWarnock
wordwarrior16,EllenXRomano
wordwarrior16,JamesKosur
wordwarrior16,JustinAHorwitz
