beenunu87,PressSec
beenunu87,ReverendWarnock
beenunu87,DrBiden
beenunu87,WhiteHouse
beenunu87,VickerySec
beenunu87,imanicezanne
beenunu87,capitolhunters
beenunu87,No_Nazis_Please
beenunu87,PadmaLakshmi
beenunu87,kylegriffin1
beenunu87,60Minutes
beenunu87,Morning_Joe
beenunu87,davidaxelrod
beenunu87,BarbaraComstock
beenunu87,JohnHultquist
beenunu87,Cleavon_MD
beenunu87,igorbobic
beenunu87,ossoff
beenunu87,waltshaub
beenunu87,TheDailyShow
beenunu87,TalbertSwan
beenunu87,Booker4KY
beenunu87,CoriBush
beenunu87,RepJayapal
beenunu87,Ilhan
beenunu87,RepRashida
beenunu87,RepPressley
beenunu87,sarahgroh
beenunu87,KateBennett_DC
beenunu87,tuesdaylongway
beenunu87,LauraJedeed
beenunu87,abigaildollins
beenunu87,ZakirSpeaks
beenunu87,Trevornoah
beenunu87,RonTeigenSr
beenunu87,kaitlancollins
beenunu87,DanRather
beenunu87,JenniferJJacobs
beenunu87,staceyabrams
beenunu87,AkilahObviously
beenunu87,JoeBiden
beenunu87,Bakari_Sellers
beenunu87,IlhanMN
beenunu87,PeteButtigieg
beenunu87,RashidaTlaib
beenunu87,jonathanvswan
beenunu87,rickhasen
beenunu87,amyewalter
beenunu87,Redistrict
beenunu87,Nate_Cohn
LilRdVet2,BraatzMark
LilRdVet2,JamesCarville
LilRdVet2,abbydphillip
LilRdVet2,AntClemons
LilRdVet2,PressSec
LilRdVet2,POTUS
LilRdVet2,real_batdude
LilRdVet2,ReesusP
LilRdVet2,BidenInaugural
LilRdVet2,ImissJoshKinney
LilRdVet2,ReportsDaNews
LilRdVet2,seahag805
LilRdVet2,Jhenya_Belitsky
LilRdVet2,GRaridon
LilRdVet2,HenleyGh
LilRdVet2,MeleaY
LilRdVet2,AKippieloo
LilRdVet2,debradejohn
LilRdVet2,larissawscoluss
LilRdVet2,ProinMN
LilRdVet2,curiouser1920
LilRdVet2,PhredWrites
LilRdVet2,AnonymousJobs_I
LilRdVet2,Davidnjie6
LilRdVet2,DazeePhillips
LilRdVet2,bulldoghill
LilRdVet2,semperdiced
LilRdVet2,williamjschill
LilRdVet2,josvdvo
LilRdVet2,kathyleejeff
LilRdVet2,LauraBenedict20
LilRdVet2,m_logan7
LilRdVet2,Boldtigers
LilRdVet2,KaraConnor
LilRdVet2,Melissa031588
LilRdVet2,SWCC5
LilRdVet2,AllenLEllison
LilRdVet2,cohendavid
LilRdVet2,rwsmith57
LilRdVet2,FLOTUS
LilRdVet2,VP
LilRdVet2,SecondGentleman
LilRdVet2,LincolnsBible
LilRdVet2,ProjectLincoln
LilRdVet2,randybrook710
LilRdVet2,MelissaLGoforth
LilRdVet2,bbardswich
LilRdVet2,irishrygirl
LilRdVet2,Va2021J
LilRdVet2,donk_enby
SnickOld,NicolleDWallace
SnickOld,AllenBGlines
SnickOld,Raine_lrr
SnickOld,fakingstarwars
SnickOld,KeraRolsen
SnickOld,garthbrooks
SnickOld,IAmJohnAles
SnickOld,mackste91193615
SnickOld,SpeakHumanely
SnickOld,asuehale
SnickOld,POTUS
SnickOld,mayaharris_
SnickOld,LeeTua10
SnickOld,BrooksDM_dem
SnickOld,3millionmore
SnickOld,ForMyCountryUSA
SnickOld,twinmom22413
SnickOld,Chris_bacheller
SnickOld,divabriele
SnickOld,FLOTUS
SnickOld,WhiteHouse
SnickOld,SecondGentleman
SnickOld,DewayneLehman
SnickOld,RepJasonCrow
SnickOld,TayAndersonCO
SnickOld,saintjr5
SnickOld,deannatroi15
SnickOld,LRTexas
SnickOld,Karmic_Astroid
SnickOld,msjohnston
SnickOld,StopLot
SnickOld,synsei
SnickOld,Dinosgurl
SnickOld,KarinMcKenna4
SnickOld,debbbuga
SnickOld,DemocratCali
SnickOld,timetowinga
SnickOld,SFGamerbabe57
SnickOld,GAPeachproud
SnickOld,Pebble_new_me
SnickOld,livin_laVita
SnickOld,JainColette
SnickOld,Billybonged
SnickOld,MogaitHome
SnickOld,BenitaRaymond
SnickOld,Meidas_Wendy
SnickOld,peevee55
SnickOld,JenMckiness
SnickOld,SandiGEstrada1
SnickOld,bradheath
jillstoller,WHCOVIDResponse
jillstoller,FLOTUS
jillstoller,sergiotheexpert
jillstoller,ars_union
jillstoller,thrillistunion
jillstoller,law360union
jillstoller,SlateUnion
jillstoller,nyguild
jillstoller,NYMagUnion
jillstoller,newyorkerunion
jillstoller,juliettekayyem
jillstoller,PressSec
jillstoller,POTUS
jillstoller,smithcollege
jillstoller,TheAmandaGorman
jillstoller,ShereefElnahal
jillstoller,Sarahchadwickk
jillstoller,cameron_kasky
jillstoller,carlbernstein
jillstoller,realBobWoodward
jillstoller,thebraveryproj
jillstoller,SaraJBenincasa
jillstoller,DukeLaw
jillstoller,GeorgetownLaw
jillstoller,StanfordLaw
jillstoller,uarizonalaw
jillstoller,CalifLRev
jillstoller,PennLRev
jillstoller,ColumLRev
jillstoller,nyulawreview
jillstoller,UChiLRev
jillstoller,StanLRev
jillstoller,YaleLJournal
jillstoller,HarvLRev
jillstoller,Harvard_Law
jillstoller,ColumbiaLaw
jillstoller,YaleLawSch
jillstoller,nyulaw
jillstoller,AWeissmann_
jillstoller,DemocracyDocket
jillstoller,hotel_diderot
jillstoller,DocEgonSpengler
jillstoller,briantylercohen
jillstoller,thematthewcooke
jillstoller,Savage_Schmidt
jillstoller,OneFreshPillow
jillstoller,joshuafett75
jillstoller,SecondGentleman
jillstoller,jerseyplatypus
jillstoller,shomaristone
Gottadance64,donwinslow
Gottadance64,nywolforg
Gottadance64,jrgaillot
Gottadance64,OxfamAmerica
Gottadance64,FrankLeeSpoken7
Gottadance64,RepLouCorrea
Gottadance64,JonathanJeromeE
Gottadance64,jtuk64
Gottadance64,J_Mei21
Gottadance64,ReesusP
Gottadance64,ryanjreilly
Gottadance64,jimbourg
Gottadance64,vix_kreidel
Gottadance64,tomcrosby2
Gottadance64,RepHankJohnson
Gottadance64,gafaboutthis
Gottadance64,parlertakes
Gottadance64,weijia
Gottadance64,DemocracyDocket
Gottadance64,denisewu
Gottadance64,CDCDirector
Gottadance64,Surgeon_General
Gottadance64,PaulaReidCBS
Gottadance64,kaitlancollins
Gottadance64,marceelias
Gottadance64,rachaelmbade
Gottadance64,socialistdogmom
Gottadance64,StateDept
Gottadance64,Interior
Gottadance64,MelbieToast
Gottadance64,CatGotNine
Gottadance64,StephenKing
Gottadance64,Ordinary1World
Gottadance64,USDA
Gottadance64,forestservice
Gottadance64,DeathValleyNPS
Gottadance64,GlacierNPS
Gottadance64,YosemiteNPS
Gottadance64,YellowstoneNPS
Gottadance64,GrandTetonNPS
Gottadance64,ZionNPS
Gottadance64,BryceCanyonNPS
Gottadance64,CapitolReefNPS
Gottadance64,CanyonlandsNPS
Gottadance64,ArchesNPS
Gottadance64,JustinAHorwitz
Gottadance64,DHSgov
Gottadance64,HHSGov
Gottadance64,CDCgov
Gottadance64,LincolnsBible
