Sondheimlich,AlbertOuvrier
Sondheimlich,snailsnailsrva
Sondheimlich,cessna_sees_you
Sondheimlich,AntiFashGordon
Sondheimlich,LammaticHama
Sondheimlich,queersocialism
Sondheimlich,PrinBlandingVA
Sondheimlich,rvacoi
Sondheimlich,rvadotra
Sondheimlich,RVABailFund
Sondheimlich,RIS_rva
Sondheimlich,notmynypd
Sondheimlich,HavenTheHaitian
Sondheimlich,rebeccanagle
Sondheimlich,zei_squirrel
Sondheimlich,hakan_geijer
Sondheimlich,geraldstratfor3
Sondheimlich,antifascistsoup
Sondheimlich,sleepisocialist
Sondheimlich,ritualizedrites
Sondheimlich,wagatwe
Sondheimlich,cchellez
Sondheimlich,UnsolicitedDiks
Sondheimlich,youniqsy
Sondheimlich,herosnvrdie69
Sondheimlich,RPDID2020
Sondheimlich,TenantCouncil
Sondheimlich,Matthewrva
Sondheimlich,realwizkaliaa
Sondheimlich,RespectableLaw
Sondheimlich,BradKutner
Sondheimlich,nedoliver
Sondheimlich,lombardykroger
Sondheimlich,RichmondTenants
Sondheimlich,RiverCityAntifa
Sondheimlich,IGD_News
Sondheimlich,LilRadLibrary
Sondheimlich,JLJLovesRVA
Sondheimlich,ByRobertoR
Sondheimlich,aerodgers
Sondheimlich,JosephSHRogers
Sondheimlich,amyinthe8th
Sondheimlich,MrLegacyJones
Sondheimlich,noevictions_rva
Sondheimlich,LExploitable
Sondheimlich,drmistercody
Sondheimlich,ReadytoglareYT
Sondheimlich,RVA_landlords
Sondheimlich,richmondstrike
Sondheimlich,ShiftChangeRVA
Sondheimlich,MayDayRVA
Sondheimlich,BlackSocialists
Sondheimlich,briebriejoy
Sondheimlich,BreadAndPork
Sondheimlich,iww
Sondheimlich,RichmondIWW
Sondheimlich,EmilyGorcenski
Sondheimlich,IwriteOK
Sondheimlich,BeQueerDoCrime
Sondheimlich,quintabrunson
Sondheimlich,GoadGatsby
Sondheimlich,DaSilvaRVA
Sondheimlich,georgia_geen
Sondheimlich,Chinchillazllla
Sondheimlich,kenklippenstein
Sondheimlich,socialistdogmom
Sondheimlich,carterforva
Sondheimlich,goblinkenny
Sondheimlich,JordanUhl
Sondheimlich,PhilosophyTube
Sondheimlich,SparkNotes
Sondheimlich,brii_howard
Sondheimlich,ridarakhan
Sondheimlich,thebitchhisbacc
Sondheimlich,Its_Scaalzzooo
stalkmytweetsyo,WaitingOnBiden
stalkmytweetsyo,Botanygeek
stalkmytweetsyo,dstfelix
stalkmytweetsyo,Reducewastenows
stalkmytweetsyo,tallialee
stalkmytweetsyo,Rebundleco
stalkmytweetsyo,_WrittenByHanna
stalkmytweetsyo,beneexiv
stalkmytweetsyo,_jasmineyallen
stalkmytweetsyo,SofritoProject
stalkmytweetsyo,thepiscesfinest
stalkmytweetsyo,SketchesbyBoze
stalkmytweetsyo,moisturizednerd
stalkmytweetsyo,thesebosscats
stalkmytweetsyo,SourceDuMal
stalkmytweetsyo,breakchainsmag
stalkmytweetsyo,cupcakeNofilln
stalkmytweetsyo,CertifiedFool_
stalkmytweetsyo,itsjasminetoyou
stalkmytweetsyo,ihackweb
stalkmytweetsyo,FlawsofCouture
stalkmytweetsyo,SSelfLingerie
stalkmytweetsyo,ChefJJ
stalkmytweetsyo,TinyFood8
stalkmytweetsyo,BestOutOfWaste
stalkmytweetsyo,yungokuu
stalkmytweetsyo,kelechnekoff
stalkmytweetsyo,ZeeTheBrat_
stalkmytweetsyo,dog_feelings
stalkmytweetsyo,kjxtheactivist
stalkmytweetsyo,aspencristi
stalkmytweetsyo,officecontexts
stalkmytweetsyo,DMVMOSTFAMOUS
stalkmytweetsyo,itstatywassup
stalkmytweetsyo,CheyenneTheGeek
stalkmytweetsyo,THEDlYIDEA
stalkmytweetsyo,chloexhalle
stalkmytweetsyo,lovingmybody__
stalkmytweetsyo,JAYVERSACE
stalkmytweetsyo,malakaithebrave
stalkmytweetsyo,durrellyrell
stalkmytweetsyo,CalBookClub
stalkmytweetsyo,DrBronner
stalkmytweetsyo,vibingbears
stalkmytweetsyo,throwback_mr
stalkmytweetsyo,suprmarktla
stalkmytweetsyo,YonceVocals
stalkmytweetsyo,SupHERBSinShop
stalkmytweetsyo,LIQUORICEBlTCH
stalkmytweetsyo,pleaseu74
stalkmytweetsyo,MadMenQts
stalkmytweetsyo,challxn
stalkmytweetsyo,24hrlearns
stalkmytweetsyo,lovelypotatoph
stalkmytweetsyo,thebestpixr
stalkmytweetsyo,luvthispayne
stalkmytweetsyo,alamanecer
stalkmytweetsyo,justLea_noH
stalkmytweetsyo,JeffRightNoww
stalkmytweetsyo,catshouldnt
stalkmytweetsyo,MochaBoutique_
stalkmytweetsyo,KylaWrightMedia
stalkmytweetsyo,Adrian_beautee
stalkmytweetsyo,iAmFearless_
stalkmytweetsyo,PplsCityCouncil
stalkmytweetsyo,loneamorphous
stalkmytweetsyo,SunsetSoFresh
stalkmytweetsyo,pyermoss
stalkmytweetsyo,Freelove19xx
stalkmytweetsyo,PrinceyPls
stalkmytweetsyo,TheSiweProject
stalkmytweetsyo,nubianskin
stalkmytweetsyo,b_bakedlv
stalkmytweetsyo,CooperationTown
stalkmytweetsyo,BSAllianceChi
stalkmytweetsyo,MaryMcAuliffe4
stalkmytweetsyo,SocioDrew
stalkmytweetsyo,StreetWatchLA
stalkmytweetsyo,MoreAndAgain
stalkmytweetsyo,TheOnion
stalkmytweetsyo,ArchieComics
stalkmytweetsyo,GoodQualityTits
stalkmytweetsyo,kjgbrks
stalkmytweetsyo,mynamesireanna
stalkmytweetsyo,IntelexualMedia
stalkmytweetsyo,satisfyingpub
stalkmytweetsyo,CalmOptics
stalkmytweetsyo,nithyavraman
stalkmytweetsyo,beyondbarsuk
stalkmytweetsyo,EsoWon
stalkmytweetsyo,baedotdoe
stalkmytweetsyo,greenlightbklyn
stalkmytweetsyo,HOUSEDESlGN
stalkmytweetsyo,sleepingongems
stalkmytweetsyo,bread_beauty
stalkmytweetsyo,MMATAband
stalkmytweetsyo,jojo_albino
stalkmytweetsyo,TheWowhome
stalkmytweetsyo,wavyemma
stalkmytweetsyo,SixBrownChicks
stalkmytweetsyo,2short2care_
stalkmytweetsyo,TheNapMinistry
stalkmytweetsyo,threateningcake
stalkmytweetsyo,dinoman_j
stalkmytweetsyo,TheAnnaPaige
stalkmytweetsyo,SurvivaIGuide
stalkmytweetsyo,WritersGuildF
stalkmytweetsyo,mycleotv
stalkmytweetsyo,TVaspire
stalkmytweetsyo,KylePlantEmoji
stalkmytweetsyo,toni_project
stalkmytweetsyo,WhocanIcall
stalkmytweetsyo,JennyMChristian
stalkmytweetsyo,gardenmarcus
stalkmytweetsyo,StrikeDebt
stalkmytweetsyo,lotusthelabel
stalkmytweetsyo,ModernEsther_
stalkmytweetsyo,v0dkabooty
stalkmytweetsyo,MutualaidLA
stalkmytweetsyo,ohthatssimone
stalkmytweetsyo,wnrstweets
stalkmytweetsyo,WNBA
stalkmytweetsyo,Englishpicz
stalkmytweetsyo,RetiredLineCook
stalkmytweetsyo,_etherealsouls
stalkmytweetsyo,TheNuBamboo
stalkmytweetsyo,blkgirlculture
stalkmytweetsyo,CallMeLatasha
stalkmytweetsyo,HasBezosDecided
stalkmytweetsyo,earthquakesLA
stalkmytweetsyo,WearYourVoice
stalkmytweetsyo,TheRealLadyA
stalkmytweetsyo,surlybassey
stalkmytweetsyo,io9
stalkmytweetsyo,lbpcollective
stalkmytweetsyo,kissmecocos
stalkmytweetsyo,AptTherapy
stalkmytweetsyo,RobesonHousePHL
stalkmytweetsyo,joanneprada
stalkmytweetsyo,CookWithCharl
stalkmytweetsyo,meechferguson
stalkmytweetsyo,FinessetheACE
stalkmytweetsyo,kamsendoo
stalkmytweetsyo,LAPublicLibrary
stalkmytweetsyo,punished_picnic
stalkmytweetsyo,deavianelaxx
stalkmytweetsyo,cheriekisa
stalkmytweetsyo,kingfatfemmie
stalkmytweetsyo,ThatBoujeeBoss
stalkmytweetsyo,ziwe
stalkmytweetsyo,GiLiNails
stalkmytweetsyo,KM_ResinDesigns
stalkmytweetsyo,thefatimacam
stalkmytweetsyo,Inatsed8
stalkmytweetsyo,piscaprio
stalkmytweetsyo,GlowRecipe
stalkmytweetsyo,sndrvisuals
stalkmytweetsyo,GodfreyComedian
stalkmytweetsyo,MisaHylton
stalkmytweetsyo,dmlpaintings
stalkmytweetsyo,TylaMadeIt
stalkmytweetsyo,USPostOffice911
stalkmytweetsyo,LeeEricah
stalkmytweetsyo,ReelingThespian
stalkmytweetsyo,40villages
stalkmytweetsyo,makeupbyicess
stalkmytweetsyo,MingNa
stalkmytweetsyo,missandrealewis
stalkmytweetsyo,taayyohh
stalkmytweetsyo,DjenabouMk
stalkmytweetsyo,betterhelp
stalkmytweetsyo,MykkiBlanco
stalkmytweetsyo,AITA_reddit
stalkmytweetsyo,secretslayr
stalkmytweetsyo,zoramag
stalkmytweetsyo,jayacancook
stalkmytweetsyo,thehomegirlbox
stalkmytweetsyo,realcaunsia
stalkmytweetsyo,kidsdoingshit
stalkmytweetsyo,RoyalBabiesTots
stalkmytweetsyo,RoyalBabiesTots
stalkmytweetsyo,moneyymaya
stalkmytweetsyo,sunnydaejones
stalkmytweetsyo,moviedetail
stalkmytweetsyo,TheUfad
stalkmytweetsyo,yahya
stalkmytweetsyo,shopbabes
stalkmytweetsyo,IamTabithaBrown
stalkmytweetsyo,destineybleu
stalkmytweetsyo,iHartEricka
stalkmytweetsyo,DaShaunLH
stalkmytweetsyo,LoudBrndStudios
stalkmytweetsyo,TheConsciousLee
stalkmytweetsyo,sevnbeauty
stalkmytweetsyo,tanerelle
stalkmytweetsyo,tylathecreative
stalkmytweetsyo,takebackessence
stalkmytweetsyo,SuperheroSlandr
stalkmytweetsyo,getgoodtree
stalkmytweetsyo,liberationlib
stalkmytweetsyo,thejungalow
stalkmytweetsyo,TCCarson
stalkmytweetsyo,yungbbq
stalkmytweetsyo,qveenquinn
stalkmytweetsyo,hellahorchataa
stalkmytweetsyo,HerbJWesson
stalkmytweetsyo,nobodythegenius
stalkmytweetsyo,munaism
stalkmytweetsyo,haymarketbooks
stalkmytweetsyo,dbleudazzled
stalkmytweetsyo,ShopLoveVera
stalkmytweetsyo,LavishBrandLLC
stalkmytweetsyo,HeronChe
stalkmytweetsyo,broadwaytail
stalkmytweetsyo,BooksNCrannies_
stalkmytweetsyo,BossyBeautyInc
stalkmytweetsyo,PropaBeauty
stalkmytweetsyo,stopPostmates
stalkmytweetsyo,SmartBrownGirls
stalkmytweetsyo,ChiBondFund
stalkmytweetsyo,LegallyLove
stalkmytweetsyo,MarkRober
stalkmytweetsyo,dearscantilly
stalkmytweetsyo,itsArtsthetic
stalkmytweetsyo,aishrae
stalkmytweetsyo,TeamUfYH
stalkmytweetsyo,BatmanSlander
stalkmytweetsyo,LainaRauma
stalkmytweetsyo,CocoaSwatches
stalkmytweetsyo,BegumNadiya
stalkmytweetsyo,SonofBaldwin
stalkmytweetsyo,OfficialALT
stalkmytweetsyo,LaveauParis
stalkmytweetsyo,USPS
stalkmytweetsyo,Bomanizer
stalkmytweetsyo,CreoleBabyBritt
stalkmytweetsyo,RansRogers
stalkmytweetsyo,LATenantsUnion
stalkmytweetsyo,BlkGrlSunscreen
stalkmytweetsyo,knowablefyi
stalkmytweetsyo,moviebuffchick2
stalkmytweetsyo,simimoonlight
stalkmytweetsyo,queersocialism
stalkmytweetsyo,acheatingvegan
stalkmytweetsyo,WirecutterDeals
stalkmytweetsyo,LoveLai__
stalkmytweetsyo,oranicuhh
stalkmytweetsyo,sandylocks
stalkmytweetsyo,SimpsonsQOTD
stalkmytweetsyo,jalaiah
stalkmytweetsyo,MonicaLewinsky
stalkmytweetsyo,CCP_org
stalkmytweetsyo,KARIFAUX
stalkmytweetsyo,itsPaulana
stalkmytweetsyo,NotLaja
stalkmytweetsyo,BlkTransTravel
stalkmytweetsyo,Chaantellie
stalkmytweetsyo,randypaint
stalkmytweetsyo,missnuma
stalkmytweetsyo,BadFatBlackGirl
stalkmytweetsyo,kihmberlie
stalkmytweetsyo,ClaudiaJonesEdu
stalkmytweetsyo,MarieDenee
stalkmytweetsyo,cl0wn3ery
stalkmytweetsyo,ivysteaco
stalkmytweetsyo,ToxicTheoDog
stalkmytweetsyo,CynnMmon
stalkmytweetsyo,VanLathan
stalkmytweetsyo,khaoticfvckzz
stalkmytweetsyo,EboneeDavis
stalkmytweetsyo,dumplingUS
stalkmytweetsyo,ASmallFiction
stalkmytweetsyo,prince
stalkmytweetsyo,TeamBlind
stalkmytweetsyo,ivieani
stalkmytweetsyo,MPJInstitute
stalkmytweetsyo,AsiaChloeBrown
stalkmytweetsyo,blkwomenradical
stalkmytweetsyo,NyleDiMarco
stalkmytweetsyo,dusttodigital
stalkmytweetsyo,WrittenByHanna
stalkmytweetsyo,milesjai
stalkmytweetsyo,seangarrette
stalkmytweetsyo,hawillisdc
stalkmytweetsyo,Nefertitee080
stalkmytweetsyo,NonameBooks
stalkmytweetsyo,angryblkhoemo
stalkmytweetsyo,MadeleineLEngle
stalkmytweetsyo,noname
stalkmytweetsyo,TrevellAnderson
stalkmytweetsyo,thepbg
stalkmytweetsyo,LouisatheLast
stalkmytweetsyo,AnifaM
stalkmytweetsyo,TonyBakercomedy
stalkmytweetsyo,TeamTeddyRay
stalkmytweetsyo,rapturemyles
stalkmytweetsyo,zellieimani
stalkmytweetsyo,caveofbeauty
stalkmytweetsyo,renireni
stalkmytweetsyo,JackieKayPoet
stalkmytweetsyo,LawrencePatrice
stalkmytweetsyo,n_tingz
stalkmytweetsyo,gdbeeart
stalkmytweetsyo,tevincampbelll
stalkmytweetsyo,lura_groen
stalkmytweetsyo,LaBeautyologist
stalkmytweetsyo,MiQL
stalkmytweetsyo,Quirkcon_
stalkmytweetsyo,FREEDDDEM
stalkmytweetsyo,teamnikosla
stalkmytweetsyo,crazypastor
stalkmytweetsyo,ProChoiceCA
stalkmytweetsyo,BW4WLA
stalkmytweetsyo,therapy4bgirls
stalkmytweetsyo,mcsweeneys
stalkmytweetsyo,Frame_84
stalkmytweetsyo,tcbandages
stalkmytweetsyo,blendoor
stalkmytweetsyo,QuirkChat
stalkmytweetsyo,caster800m
stalkmytweetsyo,JackeeHarry
stalkmytweetsyo,iamRuthECarter
stalkmytweetsyo,strongblacklead
stalkmytweetsyo,GNCordova
stalkmytweetsyo,JUST
stalkmytweetsyo,TierraWhack
stalkmytweetsyo,jaboukie
stalkmytweetsyo,sistadbarnes
stalkmytweetsyo,Raquel_Savage
stalkmytweetsyo,Freeyourmindkid
stalkmytweetsyo,theestallion
stalkmytweetsyo,blackplanet
stalkmytweetsyo,NMAAHC
stalkmytweetsyo,IStandWithAhmed
stalkmytweetsyo,hannibalburess
stalkmytweetsyo,lingerie_addict
stalkmytweetsyo,MichellCClark
stalkmytweetsyo,ambermruffin
stalkmytweetsyo,HonestToddler
stalkmytweetsyo,TheKitchenista
stalkmytweetsyo,sellisspace
stalkmytweetsyo,GPBmadeit
stalkmytweetsyo,MissEnocha
stalkmytweetsyo,intanetz
stalkmytweetsyo,crapshootarchiv
stalkmytweetsyo,moworldwide
stalkmytweetsyo,DanaiGurira
stalkmytweetsyo,Felonious_munk
stalkmytweetsyo,PasLeMode
stalkmytweetsyo,kingsleyyy
stalkmytweetsyo,SpongeBob
stalkmytweetsyo,AfAmResearch
stalkmytweetsyo,KatreeseBarnes
stalkmytweetsyo,blackgirlinom
stalkmytweetsyo,Lexual__
stalkmytweetsyo,RacismDog
stalkmytweetsyo,zayjeremiah
stalkmytweetsyo,chelseaperetti
stalkmytweetsyo,Dictionarycom
stalkmytweetsyo,IAmMoniqueHeart
stalkmytweetsyo,TaranaBurke
stalkmytweetsyo,ANTWTF
stalkmytweetsyo,VVbrown
stalkmytweetsyo,DapperDanHarlem
stalkmytweetsyo,SashaBianca23
stalkmytweetsyo,JohnBoyega
stalkmytweetsyo,monetxchange
stalkmytweetsyo,tomi_adeyemi
stalkmytweetsyo,robinthede
stalkmytweetsyo,StudioMucci
stalkmytweetsyo,AshleeMPreston
stalkmytweetsyo,kelis
stalkmytweetsyo,SterlingKBrown
stalkmytweetsyo,chasityscooper
stalkmytweetsyo,MomsDemand
stalkmytweetsyo,bbymutha
stalkmytweetsyo,ciaraboniface
stalkmytweetsyo,Kehlani
stalkmytweetsyo,TracyYOliver
stalkmytweetsyo,LittleMissFlint
stalkmytweetsyo,gabifresh
stalkmytweetsyo,TheMessyQueer
stalkmytweetsyo,EveryoneIn_LA
stalkmytweetsyo,paulocoelho
stalkmytweetsyo,eveewing
stalkmytweetsyo,1BMShea
stalkmytweetsyo,BiNetUSA
stalkmytweetsyo,montselatt
stalkmytweetsyo,hey_ciara
stalkmytweetsyo,swopbehindbars
stalkmytweetsyo,TRAPBOB
stalkmytweetsyo,ClintSmithIII
stalkmytweetsyo,IamGMJohnson
stalkmytweetsyo,RepKarenBass
stalkmytweetsyo,blackmirror
stalkmytweetsyo,JasmynBeKnowing
stalkmytweetsyo,teishajenaie_
stalkmytweetsyo,myleik
stalkmytweetsyo,WeAreFilmSeries
stalkmytweetsyo,Medium
stalkmytweetsyo,BiPhoria
stalkmytweetsyo,BisofColour
stalkmytweetsyo,susan_alia
stalkmytweetsyo,andyisappaulled
stalkmytweetsyo,MichaelaCoel
stalkmytweetsyo,YesikaStarr
stalkmytweetsyo,quintabrunson
stalkmytweetsyo,6LACK
stalkmytweetsyo,YouthJusticeLA
stalkmytweetsyo,Generocity
stalkmytweetsyo,SergioDarcyLane
stalkmytweetsyo,billyeichner
stalkmytweetsyo,GuyFieri
stalkmytweetsyo,janiobi
stalkmytweetsyo,IssaRaePresents
stalkmytweetsyo,TessaThompson_x
stalkmytweetsyo,WendellPierce
stalkmytweetsyo,TeenVogue
stalkmytweetsyo,RepMaxineWaters
stalkmytweetsyo,uncletypewriter
stalkmytweetsyo,kofi
stalkmytweetsyo,thatonequeen
stalkmytweetsyo,VancityReynolds
stalkmytweetsyo,RealMichelleW
stalkmytweetsyo,insecurehbo
stalkmytweetsyo,_alexelle
stalkmytweetsyo,dylansprouse
stalkmytweetsyo,colesprouse
stalkmytweetsyo,McPhonz
stalkmytweetsyo,SOOPGODDESS
stalkmytweetsyo,afrobella
stalkmytweetsyo,AtlantaFX
stalkmytweetsyo,akaWorf
stalkmytweetsyo,Marina_Sirtis
stalkmytweetsyo,jonathansfrakes
stalkmytweetsyo,LAFW
stalkmytweetsyo,JavaughnSYW
stalkmytweetsyo,Kieraplease
stalkmytweetsyo,Zendaya
stalkmytweetsyo,swimone
stalkmytweetsyo,LetUsBreathe773
stalkmytweetsyo,BrittanyFlapjaK
stalkmytweetsyo,VajezathaPayne
stalkmytweetsyo,MLKSitIn
stalkmytweetsyo,es_snipes
stalkmytweetsyo,AaronJOates
stalkmytweetsyo,BLMLA
stalkmytweetsyo,bomani_jones
stalkmytweetsyo,celiaarelymolin
stalkmytweetsyo,timeoutla
stalkmytweetsyo,DesignerANT
stalkmytweetsyo,dannypudi
stalkmytweetsyo,blackbookla
stalkmytweetsyo,ElleWCarter
stalkmytweetsyo,MerriamWebster
stalkmytweetsyo,JustBlaze
stalkmytweetsyo,DoYouScience
stalkmytweetsyo,BobbyDigtalJr
stalkmytweetsyo,HeroesInColor00
stalkmytweetsyo,2stpzfrwrd_
stalkmytweetsyo,earlxsweat
stalkmytweetsyo,OVO40
stalkmytweetsyo,ApoliSciQueen
stalkmytweetsyo,JamesDestani
stalkmytweetsyo,walk_n_my_12s
stalkmytweetsyo,FrancesTEDF
stalkmytweetsyo,MHarrisPerry
stalkmytweetsyo,Cards4Ferguson
stalkmytweetsyo,azizansari
stalkmytweetsyo,evilhag
stalkmytweetsyo,Nick_Offerman
stalkmytweetsyo,unfoRETTAble
stalkmytweetsyo,stand4ferguson
stalkmytweetsyo,Eventhescore
stalkmytweetsyo,HaroldandBelles
stalkmytweetsyo,LetsLow
stalkmytweetsyo,LAStormH2O
stalkmytweetsyo,FeralPeafowl
stalkmytweetsyo,4everBrandy
stalkmytweetsyo,awkward_duck
stalkmytweetsyo,brownblaze
stalkmytweetsyo,Nettaaaaaaaa
stalkmytweetsyo,PinetartInc
stalkmytweetsyo,MariaChappelleN
stalkmytweetsyo,eyeFLOODpanties
stalkmytweetsyo,ParksLawLLC
stalkmytweetsyo,BtotheApp
stalkmytweetsyo,cjayconrod
stalkmytweetsyo,OCDTheSquad
stalkmytweetsyo,Top_B1St90D
stalkmytweetsyo,SCVeducation
stalkmytweetsyo,jasminepowers
stalkmytweetsyo,LockandKeyLA
stalkmytweetsyo,misfitaileen
stalkmytweetsyo,BitchNobodyy
stalkmytweetsyo,JaeWork
stalkmytweetsyo,MahealaniLeofa
stalkmytweetsyo,lanimahea
stalkmytweetsyo,wolfandcranebar
stalkmytweetsyo,projekbeezy
stalkmytweetsyo,_MartinGomez
stalkmytweetsyo,EverydaySexism
stalkmytweetsyo,Drea_M_
stalkmytweetsyo,antolise_j
stalkmytweetsyo,MoniqueONeal9
stalkmytweetsyo,duckie7276
stalkmytweetsyo,nealidnani
stalkmytweetsyo,iAMDJPurp
stalkmytweetsyo,LillianLove1
stalkmytweetsyo,furlow538
stalkmytweetsyo,miSHEREEamroe
stalkmytweetsyo,RichardFat
stalkmytweetsyo,_bornstunnah
stalkmytweetsyo,_TeamBSD
stalkmytweetsyo,LilLaughinGirl
stalkmytweetsyo,BeeyouteefulBee
stalkmytweetsyo,msleelajade
stalkmytweetsyo,Ajizzle_Mane
stalkmytweetsyo,GlamGalStore
stalkmytweetsyo,DrBaileyGSM
stalkmytweetsyo,DrBaileyGSM
stalkmytweetsyo,OwenHuntGSM
stalkmytweetsyo,SaraRamirez
stalkmytweetsyo,guillermodiazyo
stalkmytweetsyo,ActuallyNPH
stalkmytweetsyo,MELODYEHSANI
stalkmytweetsyo,UrsulaStephen
stalkmytweetsyo,BeckyGlasscock
stalkmytweetsyo,realtalkLW
stalkmytweetsyo,MrsQueenieJ
stalkmytweetsyo,wealthybaglady
stalkmytweetsyo,AnnEvanston
stalkmytweetsyo,kimirhochelle
stalkmytweetsyo,NatalieGouche
stalkmytweetsyo,GetSpectrum
stalkmytweetsyo,RapColoringBook
stalkmytweetsyo,RuPaulsDragU
stalkmytweetsyo,AllDefComedy
stalkmytweetsyo,StarCrushCeleb
stalkmytweetsyo,TheFW
stalkmytweetsyo,screencrushnews
stalkmytweetsyo,mcondition
stalkmytweetsyo,kindredthewife
stalkmytweetsyo,robertglasper
stalkmytweetsyo,Bilal
stalkmytweetsyo,iamviviangreen
stalkmytweetsyo,amellarrieux
stalkmytweetsyo,HuffPostLife
stalkmytweetsyo,ChronicSocials
stalkmytweetsyo,Missinfo
stalkmytweetsyo,Beyonce
stalkmytweetsyo,KingAmiyahScott
stalkmytweetsyo,LoveMondoTrasho
stalkmytweetsyo,DragRaceQuotes
stalkmytweetsyo,Littleboltling
stalkmytweetsyo,CSiriano
stalkmytweetsyo,ProjectRunway
stalkmytweetsyo,TimGunn
stalkmytweetsyo,danitykane
stalkmytweetsyo,BlackGirlNerds
stalkmytweetsyo,EBONYMag
stalkmytweetsyo,KimbleHairCare
stalkmytweetsyo,ThomasARoberts
stalkmytweetsyo,thechrisspencer
stalkmytweetsyo,JeruTillman
stalkmytweetsyo,kimcoles
stalkmytweetsyo,iKimberlyElise
stalkmytweetsyo,HitTheFloor
stalkmytweetsyo,Porsha4real
stalkmytweetsyo,idillionaire
stalkmytweetsyo,bigtimerush
stalkmytweetsyo,bscottpodcast
stalkmytweetsyo,taeheckard
stalkmytweetsyo,KRoosevelt
stalkmytweetsyo,KidspaceMuseum
stalkmytweetsyo,casciencecenter
stalkmytweetsyo,ThisIsTheRead
stalkmytweetsyo,NewsBreaker
stalkmytweetsyo,ConcreteLoop
stalkmytweetsyo,SybrinaFulton
stalkmytweetsyo,BTraymartin9
stalkmytweetsyo,huny
stalkmytweetsyo,chescaleigh
stalkmytweetsyo,LookAtDustin
stalkmytweetsyo,AmyTan
stalkmytweetsyo,HarperCollins
stalkmytweetsyo,latimesbooks
stalkmytweetsyo,simonschuster
stalkmytweetsyo,penguinusa
stalkmytweetsyo,nytimesbooks
stalkmytweetsyo,Momma_Cooks
stalkmytweetsyo,moonfrye
stalkmytweetsyo,momlogic
stalkmytweetsyo,sesamestreet
stalkmytweetsyo,coolmompicks
stalkmytweetsyo,momsatwork
stalkmytweetsyo,parentsmagazine
stalkmytweetsyo,preschoolers
stalkmytweetsyo,pbsparents
stalkmytweetsyo,epicurious
stalkmytweetsyo,Zagat
stalkmytweetsyo,rachaelray
stalkmytweetsyo,FoodNetwork
stalkmytweetsyo,alexa_chung
stalkmytweetsyo,proenzaschouler
stalkmytweetsyo,RebeccaMinkoff
stalkmytweetsyo,Bergdorfs
stalkmytweetsyo,YSL
stalkmytweetsyo,latimesphotos
stalkmytweetsyo,PBS
stalkmytweetsyo,HuffPost
stalkmytweetsyo,cnnbrk
stalkmytweetsyo,Pixar
stalkmytweetsyo,discoverLA
stalkmytweetsyo,FIGat7th
stalkmytweetsyo,DragonflyJonez
stalkmytweetsyo,Keyes_is_dooope
stalkmytweetsyo,downtownartwalk
stalkmytweetsyo,BeBeZaharaBenet
stalkmytweetsyo,LatriceRoyale
stalkmytweetsyo,AlyssaEdwards_1
stalkmytweetsyo,sprayground
stalkmytweetsyo,DigitalDropPod
stalkmytweetsyo,LifeCheating
stalkmytweetsyo,SteveCarell
stalkmytweetsyo,CharliePuviance
stalkmytweetsyo,GirlCode
stalkmytweetsyo,galifianakisz
stalkmytweetsyo,CSLewis
stalkmytweetsyo,MTV2GuyCode
stalkmytweetsyo,crissles
stalkmytweetsyo,solangeknowles
stalkmytweetsyo,CurlyNikki
stalkmytweetsyo,HairRules
stalkmytweetsyo,andersoncooper
stalkmytweetsyo,instagram
stalkmytweetsyo,janecarter
stalkmytweetsyo,Sherrell_Dorsey
stalkmytweetsyo,Nap85
stalkmytweetsyo,ScandalMakeup
stalkmytweetsyo,DopeJunkyard
stalkmytweetsyo,TempleRunCheat
stalkmytweetsyo,TR_Problems
stalkmytweetsyo,templerun_probs
stalkmytweetsyo,LA_VITOcorleone
stalkmytweetsyo,leahlabelle
stalkmytweetsyo,psimadethis
stalkmytweetsyo,WalkingDead_AMC
stalkmytweetsyo,OfficialRodarte
stalkmytweetsyo,Sharpie
stalkmytweetsyo,AAttentionWhore
stalkmytweetsyo,rihannaplane
stalkmytweetsyo,_Fossilite
stalkmytweetsyo,iamrashidajones
stalkmytweetsyo,trUstonLyoU
stalkmytweetsyo,TargetLA
stalkmytweetsyo,WarbyParkerHelp
stalkmytweetsyo,Notmy1Nd0nly
stalkmytweetsyo,henryhatla
stalkmytweetsyo,Soulluv
stalkmytweetsyo,ScandalWriters
stalkmytweetsyo,jeanniemai
stalkmytweetsyo,FansofABG
stalkmytweetsyo,nasty_deen
stalkmytweetsyo,sexymish22
stalkmytweetsyo,InstinctTheBook
stalkmytweetsyo,BeauvaisAO
stalkmytweetsyo,Simply_Tatum
stalkmytweetsyo,jessnwokike
stalkmytweetsyo,shesVan
stalkmytweetsyo,terracemartin
stalkmytweetsyo,Bryzn_to_cory
stalkmytweetsyo,lilshawty2q
stalkmytweetsyo,LaDiieFish
stalkmytweetsyo,nellpooh123
stalkmytweetsyo,curlychics
stalkmytweetsyo,D_DOUBLE
stalkmytweetsyo,BEAUTYndTHKE5TH
stalkmytweetsyo,TamagotchiTommy
stalkmytweetsyo,TristenJWinger
stalkmytweetsyo,NylonMag
stalkmytweetsyo,ryanleslie
stalkmytweetsyo,DopeAesthetics
stalkmytweetsyo,H8DaLies
stalkmytweetsyo,juneAmbrose
stalkmytweetsyo,amoebamusic
stalkmytweetsyo,YumYumLaBeija
stalkmytweetsyo,matthewkalik
stalkmytweetsyo,HumptyFunk
stalkmytweetsyo,WarbyParker
stalkmytweetsyo,timsr_
stalkmytweetsyo,TyreeBP
stalkmytweetsyo,MiThWorld10
stalkmytweetsyo,WhatTheFFacts
stalkmytweetsyo,LdotWEBB
stalkmytweetsyo,gymwrap
stalkmytweetsyo,klarryiii
stalkmytweetsyo,milleheartsyou
stalkmytweetsyo,FisticuffsMusic
stalkmytweetsyo,LouisVuittonSB
stalkmytweetsyo,Mortzo
stalkmytweetsyo,ThatsNolaRae
stalkmytweetsyo,vanjess
stalkmytweetsyo,lymanjohnson
stalkmytweetsyo,LeahDoinWerk
stalkmytweetsyo,KikiHTurner
stalkmytweetsyo,jsullivanmusic
stalkmytweetsyo,NsaneInThaBrain
stalkmytweetsyo,0neManGANG
stalkmytweetsyo,JooseonDrums
stalkmytweetsyo,DMPaperTruck
stalkmytweetsyo,brads2old4this
stalkmytweetsyo,Chacarlo
stalkmytweetsyo,BlackMajiik
stalkmytweetsyo,0n3mangang
stalkmytweetsyo,KimberVictoriaa
stalkmytweetsyo,Sh3SoSadity
stalkmytweetsyo,Kevimaddem
stalkmytweetsyo,8AProductions
stalkmytweetsyo,marcydayz
stalkmytweetsyo,ThatsKelsForYa
stalkmytweetsyo,Simply_EPICC
stalkmytweetsyo,Carmenyourme
stalkmytweetsyo,IssaRae
stalkmytweetsyo,BucketJuice
stalkmytweetsyo,AFIFEST
stalkmytweetsyo,KTLAMorningNews
stalkmytweetsyo,WeAreTheTay
stalkmytweetsyo,thaboard
stalkmytweetsyo,ABGWhiteJ
stalkmytweetsyo,freshalina
stalkmytweetsyo,equity_forever
stalkmytweetsyo,ESSENCE_Debates
stalkmytweetsyo,awkwardblkgrl
stalkmytweetsyo,ComicBookBruh
stalkmytweetsyo,PoignantEnigma
stalkmytweetsyo,adorablelynn
stalkmytweetsyo,champagnesmilie
stalkmytweetsyo,sameshit103
stalkmytweetsyo,TheKenyaGurl
stalkmytweetsyo,naibee3
stalkmytweetsyo,hotdamnirock
stalkmytweetsyo,Slimkid3
stalkmytweetsyo,StacyBarthe
stalkmytweetsyo,cocoamamacita
stalkmytweetsyo,Hit_Boy
stalkmytweetsyo,RespectmyThaccK
stalkmytweetsyo,S_C_
stalkmytweetsyo,RICHBthesinger
stalkmytweetsyo,AIRtheeBOSS
stalkmytweetsyo,metrolosangeles
stalkmytweetsyo,chocolatedroppa
stalkmytweetsyo,Tokyo24music
stalkmytweetsyo,DanielD_Johnson
stalkmytweetsyo,tiaralynn__
stalkmytweetsyo,trulynspired
stalkmytweetsyo,RECOGNIZmyTHACK
stalkmytweetsyo,itsSheedyAmeeh
stalkmytweetsyo,iamjojo
stalkmytweetsyo,asheaisthename
stalkmytweetsyo,fauntleroy
stalkmytweetsyo,ThisNiggaAce
stalkmytweetsyo,SaulWilliams
stalkmytweetsyo,bitchbeserious
stalkmytweetsyo,JonahHill
stalkmytweetsyo,munilong
stalkmytweetsyo,MonsterWhop
stalkmytweetsyo,Dotti28
stalkmytweetsyo,karinapasian
stalkmytweetsyo,dablakdrphil
stalkmytweetsyo,kendricklamar
stalkmytweetsyo,lenskie_
stalkmytweetsyo,TheRealTank
stalkmytweetsyo,BIGKRIT
stalkmytweetsyo,Jeremih
stalkmytweetsyo,thelonelyisland
stalkmytweetsyo,SantanaCarlos
stalkmytweetsyo,thefuturemogul
stalkmytweetsyo,CURT_MONEY
stalkmytweetsyo,Mzfiesty17
stalkmytweetsyo,Tw1nty
stalkmytweetsyo,GLucciano
stalkmytweetsyo,ProducerHitmann
stalkmytweetsyo,ashfqce
stalkmytweetsyo,KeshaRose
stalkmytweetsyo,ThatsTLz
stalkmytweetsyo,LiLbabyyyyTee
stalkmytweetsyo,IAMJHUD
stalkmytweetsyo,CorinneBRae
stalkmytweetsyo,paramore
stalkmytweetsyo,VictoriaVintage
stalkmytweetsyo,vinnybeamin
stalkmytweetsyo,tiffluvscoco
stalkmytweetsyo,cox_mike
stalkmytweetsyo,Ghetto_MoBB
stalkmytweetsyo,GWalk3
stalkmytweetsyo,kameyahluv
stalkmytweetsyo,TyeRichLuvsU
stalkmytweetsyo,dosuperb
stalkmytweetsyo,RissaLoveRose
stalkmytweetsyo,kirkfranklin
stalkmytweetsyo,Q_Dizzle24
stalkmytweetsyo,JanetJackson
stalkmytweetsyo,luamky
stalkmytweetsyo,yelyahwilliams
stalkmytweetsyo,RaphaelSaadiq
stalkmytweetsyo,MalcolmJamalWar
stalkmytweetsyo,DUCKWRTH
stalkmytweetsyo,enverecords
stalkmytweetsyo,LoopzProduction
stalkmytweetsyo,Bretiful
stalkmytweetsyo,n1keg1rl
stalkmytweetsyo,ladya
stalkmytweetsyo,mrjaymanuel
stalkmytweetsyo,OfficialKimora
stalkmytweetsyo,MissyElliott
stalkmytweetsyo,Thescrapboook
stalkmytweetsyo,md20737
stalkmytweetsyo,sassipublicist
stalkmytweetsyo,IgotKyle
stalkmytweetsyo,FIDM_OC
stalkmytweetsyo,FIDMSanDiego
stalkmytweetsyo,FIDMMuseumShop
stalkmytweetsyo,FUCKhowUfeeling
stalkmytweetsyo,Shanea2Amya
stalkmytweetsyo,B3autiIsM3
stalkmytweetsyo,skinnymanondaDA
stalkmytweetsyo,Kavon_Lee
stalkmytweetsyo,MusiqSoulchild
stalkmytweetsyo,imnthehood
stalkmytweetsyo,Drake
stalkmytweetsyo,rihanna
stalkmytweetsyo,MuseumModernArt
stalkmytweetsyo,kickstarter
stalkmytweetsyo,threadless
stalkmytweetsyo,StyleQuickTips
stalkmytweetsyo,Teddy_B_Coastin
stalkmytweetsyo,LaTonyaTeaches
stalkmytweetsyo,PhazzeOne
stalkmytweetsyo,xjackxfrostx
stalkmytweetsyo,BeautyTipsDaiIy
stalkmytweetsyo,Miguel
stalkmytweetsyo,CiciMJ
stalkmytweetsyo,LastFallMovie
stalkmytweetsyo,ralphmarston
stalkmytweetsyo,iamEROC
stalkmytweetsyo,PyLoTLyFePC
stalkmytweetsyo,ThePlatinumDiva
stalkmytweetsyo,LeeshLSM
stalkmytweetsyo,aaronmyers
stalkmytweetsyo,Tahj_Mowry
stalkmytweetsyo,Whisper2MySoul
stalkmytweetsyo,RevRunWisdom
stalkmytweetsyo,Bryan_wit_a_WHY
stalkmytweetsyo,iTO_OTmyTWEETER
stalkmytweetsyo,KushCondoms
stalkmytweetsyo,justderekbutler
stalkmytweetsyo,itsERINSworld
stalkmytweetsyo,imagudgurl
stalkmytweetsyo,matstacks
stalkmytweetsyo,BrunoMars
stalkmytweetsyo,ImJustCyerra
stalkmytweetsyo,WOODSTARNIGGA
stalkmytweetsyo,iloveyougaret
stalkmytweetsyo,domPRINCEofCAli
stalkmytweetsyo,ellis8806
stalkmytweetsyo,mzturquoize2u
oldesttoe,cometpingpong
oldesttoe,whatmaddness
oldesttoe,Lemonena6
oldesttoe,AbolitionChurch
oldesttoe,kamaufranklin
oldesttoe,HousingUpDC
oldesttoe,thewayhomeDC
oldesttoe,HeyMandoKay
oldesttoe,jesserbnwtz
oldesttoe,EJinAction
oldesttoe,andraydomise
oldesttoe,mxxxru
oldesttoe,kristin__wilson
oldesttoe,killhim
oldesttoe,BiPolarPL
oldesttoe,Creeturous
oldesttoe,dionnewarwick
oldesttoe,MizTeeFranklin
oldesttoe,EdgeworksEnt
oldesttoe,SettleTheStars
oldesttoe,TheCrownNetflix
oldesttoe,marynoise
oldesttoe,Reformed_Laur
oldesttoe,babadookspinoza
oldesttoe,BernForBernie20
oldesttoe,axcomrade
oldesttoe,Nelle_101
oldesttoe,ActualAlexZ
oldesttoe,n_th_n_
oldesttoe,choosedemo
oldesttoe,dissolidarity
oldesttoe,Azza_Alt
oldesttoe,blackradicaltc
oldesttoe,gabydunn
oldesttoe,BipolarCannabis
oldesttoe,2BipolarChicks
oldesttoe,BipolarHotMess
oldesttoe,AskaBipolar
oldesttoe,JulieBipolar
oldesttoe,BipolarDisorder
oldesttoe,BipolarBattle
oldesttoe,Ivuoma
oldesttoe,fka_memes
oldesttoe,Criptiques
oldesttoe,mimosionalpod
oldesttoe,jordanjlloydhq
oldesttoe,DorothyERoberts
oldesttoe,iHartEricka
oldesttoe,Blacks4Peace
oldesttoe,prosocialplace
oldesttoe,PlanningShit
oldesttoe,CheapoCrappy
oldesttoe,Partyinthe_USSR
oldesttoe,reproutopia
oldesttoe,melissagira
oldesttoe,autistichoya
oldesttoe,thenbmarxist
oldesttoe,queersocialist
oldesttoe,Mr_Rablin
oldesttoe,annieelainey
oldesttoe,DisVisibility
oldesttoe,AsieduEdmund
oldesttoe,SFdirewolf
oldesttoe,GreggBeratan
oldesttoe,VilissaThompson
oldesttoe,AylingLindsay
oldesttoe,_speren_
oldesttoe,ParkerMolloy
oldesttoe,rashadrobinson
oldesttoe,LaRonHines
oldesttoe,pourmecoffee
oldesttoe,MoreToastYo
oldesttoe,immissmajor
oldesttoe,awwhalenawl
oldesttoe,AudreTaughtMe2
oldesttoe,WePowerDC
oldesttoe,StompSlumlords
oldesttoe,mdc_dsa
oldesttoe,kokokaraib
oldesttoe,anti_antiblk
oldesttoe,aiukliAfrika
oldesttoe,jtknoxroxs
oldesttoe,lilririah
oldesttoe,BeingKaylaSmith
oldesttoe,talilalewis
oldesttoe,notthreefifths
oldesttoe,kerima_cevik
oldesttoe,keri_gray
oldesttoe,Keah_Maria
oldesttoe,BadJudaismTakes
oldesttoe,HappyAfterAbuse
oldesttoe,TwitterSupport
oldesttoe,mondomascots
oldesttoe,BadCOVID19Takes
oldesttoe,Move_Silent_Sam
oldesttoe,TiffanyDCross
oldesttoe,866OURVOTE
oldesttoe,BrennanCenter
oldesttoe,digitalsista
oldesttoe,BlackVotersMtr
oldesttoe,NAACP_LDF
oldesttoe,LawyersComm
oldesttoe,JasMoneyRecords
oldesttoe,Domfishback
oldesttoe,ziyatong
oldesttoe,ItsShawniee
oldesttoe,priyavprabhakar
oldesttoe,Zendaya
oldesttoe,thearibradford
oldesttoe,bitchiwas999
oldesttoe,ScarredNtScared
oldesttoe,jessradio
oldesttoe,YanaAri93
oldesttoe,Umberto_Ecco
oldesttoe,Fae_Mrrie
oldesttoe,cemicool
oldesttoe,Tinu
oldesttoe,BlackDisability
oldesttoe,ItsKingsBruh
oldesttoe,anotherplacebo
oldesttoe,twtrlssanna
oldesttoe,moneyymaya
oldesttoe,bugposting
oldesttoe,graceelavery
oldesttoe,realcaunsia
oldesttoe,daniel_m_lavery
oldesttoe,HeyAjaGirl
oldesttoe,FeministTikTok
oldesttoe,Soeljchillinger
oldesttoe,IjeomaOluo
oldesttoe,CaitlinLCZ
oldesttoe,menace2snacks
oldesttoe,legendnaryCutz
oldesttoe,AlexCTaliadoros
oldesttoe,AyoCaesar
oldesttoe,Valsowavy
oldesttoe,ziwe
oldesttoe,iSmashFizzle
oldesttoe,jeremysmiles
oldesttoe,Imani_Barbarin
oldesttoe,badkpopaave
oldesttoe,Fae8edSaga
oldesttoe,transscribe
oldesttoe,chairbreaker_
oldesttoe,blackfatqueer
oldesttoe,SimoneMariposa
oldesttoe,StephanieYeboah
oldesttoe,CBD42O
oldesttoe,modifiedsnakes
oldesttoe,brokeymcpoverty
oldesttoe,rebeccanagle
oldesttoe,hystericalblkns
oldesttoe,AsToldByZaria
oldesttoe,abolitionista
oldesttoe,CecilioCooper
oldesttoe,kspringeruk
oldesttoe,TheEbiraWitch
oldesttoe,hamidtasnuva
oldesttoe,C_Resistance
oldesttoe,SultanReina
oldesttoe,KaraRBrown
oldesttoe,micahherskind
oldesttoe,dereckapurnell
oldesttoe,noname
oldesttoe,AbolitionF_ists
oldesttoe,antiracistsouth
oldesttoe,mlovdc
oldesttoe,EmpowerDC
oldesttoe,RentControlDC
oldesttoe,_ONEDC
oldesttoe,agoggans
oldesttoe,PACAdmv
oldesttoe,ACLU_DC
oldesttoe,KeepDC4Me
oldesttoe,DMVBlackLives
oldesttoe,StopCopTerrorDC
oldesttoe,SURJ_DC
oldesttoe,tingtime
oldesttoe,survivepunish
oldesttoe,survivepunishNY
oldesttoe,queersocialism
oldesttoe,LaurenFlans
oldesttoe,chaunice_acts
oldesttoe,SafeSpacesDC
oldesttoe,meqdit
oldesttoe,bocxtop
oldesttoe,bayoulejeune
oldesttoe,atlasrey
oldesttoe,IamGMJohnson
oldesttoe,QueeringPsych
oldesttoe,jbouie
oldesttoe,nhannahjones
oldesttoe,eveewing
oldesttoe,blacklikewho
oldesttoe,escapebound
oldesttoe,DaShaunLH
oldesttoe,The_Acumen
oldesttoe,KendraElWa
oldesttoe,telushk
oldesttoe,chanelhardypub_
oldesttoe,baddestmamajama
oldesttoe,tamsackman
oldesttoe,Mebudde
oldesttoe,GravelInstitute
oldesttoe,awhalefact
oldesttoe,RepKatiePorter
oldesttoe,weijia
oldesttoe,RacialDraftPod
oldesttoe,iamrachelcrow
oldesttoe,chadloder
oldesttoe,oona_palumbo
oldesttoe,caitrionambalfe
oldesttoe,SamHeughan
oldesttoe,thedaycaredad
oldesttoe,Uel4U
oldesttoe,danjlevy
oldesttoe,Raddsurfer
oldesttoe,rayvs22
oldesttoe,Aljababy1
oldesttoe,Cyankyy
oldesttoe,BBW_BFF
oldesttoe,ArfMeasures
oldesttoe,AtmanThakrar
oldesttoe,LucyXIV
oldesttoe,Guinz
oldesttoe,arelygabriela_
oldesttoe,deathoftheparty
oldesttoe,hansdickie
oldesttoe,oldwitchsring
oldesttoe,pauldanke
oldesttoe,wet_jet
oldesttoe,wagatwe
oldesttoe,caitiedelaney
oldesttoe,FrogCroakley
oldesttoe,petridishes
oldesttoe,ashleyn1cole
oldesttoe,rtraister
oldesttoe,iwearaonesie
oldesttoe,liljonlovitz
oldesttoe,NativeApprops
oldesttoe,KimTallBear
oldesttoe,NDNrights
oldesttoe,najournalists
oldesttoe,ndncollective
oldesttoe,IndianCountry
oldesttoe,indianz
oldesttoe,IlhanMN
oldesttoe,AbdulElSayed
oldesttoe,imteddybless
oldesttoe,Party_Harderson
oldesttoe,sarahclazarus
oldesttoe,danchovy
oldesttoe,jon_snow_420
oldesttoe,PorkTartare
oldesttoe,alliewach
oldesttoe,FrazzleMyGimp
oldesttoe,mxrk
oldesttoe,egg_dog
oldesttoe,Cryptoterra
oldesttoe,nthnashma
oldesttoe,louisvirtel
oldesttoe,Trisarahjtops
oldesttoe,ginganinjaGC
oldesttoe,FullBlast4Ever
oldesttoe,jasonmustian
oldesttoe,keelyflaherty
oldesttoe,catcohen
oldesttoe,iamlisako
oldesttoe,SamanthaaaReece
oldesttoe,KimmyMonte
oldesttoe,YuckyTom
oldesttoe,sug_knight
oldesttoe,Merman_Melville
oldesttoe,radtoria
oldesttoe,punished_picnic
oldesttoe,donni
oldesttoe,Kendragarden
oldesttoe,jillboard
oldesttoe,Eden_Eats
oldesttoe,fro_vo
oldesttoe,mynameisntdave
oldesttoe,ed_solomon
oldesttoe,ShortSleeveSuit
oldesttoe,bewgtweets
oldesttoe,Shenanigans_luv
oldesttoe,jazz_inmypants
oldesttoe,TheAndrewNadeau
oldesttoe,reiyashi
oldesttoe,IfNotNowOrg
oldesttoe,JFREJNYC
oldesttoe,mcmansionhell
oldesttoe,soniainiowa
oldesttoe,squinkyelo
oldesttoe,4SLars
oldesttoe,garyfromteenmom
oldesttoe,thholyghost
oldesttoe,mariokartdwi
oldesttoe,molly7anne
oldesttoe,pant_leg
oldesttoe,AndrewChamings
oldesttoe,caithuls
oldesttoe,TuSoonShakur
oldesttoe,FeelingEuphoric
oldesttoe,PleaseBeGneiss
oldesttoe,iamspacegirl
oldesttoe,Johntheduncan
oldesttoe,decolonialcommi
oldesttoe,KALIUCHIS
oldesttoe,ColumboFox
oldesttoe,dstarwriter59
oldesttoe,BruegelBot
oldesttoe,DCJWJ
oldesttoe,jufj
oldesttoe,NeverAgainActn
oldesttoe,HSR_History
oldesttoe,ACLU
oldesttoe,reproaction
oldesttoe,kothscreens
oldesttoe,abbycohenwl
oldesttoe,ztsamudzi
oldesttoe,coreteachers
oldesttoe,reappropriate
oldesttoe,KHayhoe
oldesttoe,TheElderMemes
oldesttoe,NAPAWF
oldesttoe,SisterSong_WOC
oldesttoe,DCAbortionFund
oldesttoe,robinmarty
oldesttoe,MoiraDonegan
oldesttoe,blainecapatch
oldesttoe,stjepansejic
oldesttoe,MythologyBot
oldesttoe,MagicRealismBot
oldesttoe,cryptcrier
oldesttoe,colonialpanic
oldesttoe,splcenter
oldesttoe,Celeste_pewter
oldesttoe,Seanbabydotcom
oldesttoe,AprilDRyan
oldesttoe,Karnythia
oldesttoe,thewayoftheid
oldesttoe,prisonculture
oldesttoe,Kaepernick7
oldesttoe,quasimado
oldesttoe,VanLathan
oldesttoe,B0bHardy
oldesttoe,NorWesternCrow
oldesttoe,SICKOFWOLVES
oldesttoe,AndreiCherny
oldesttoe,alicrosstarot
oldesttoe,biddytarot
oldesttoe,thetarotlady
oldesttoe,dabeave666
oldesttoe,evacide
oldesttoe,HelenRPrice
oldesttoe,jayrosen_nyu
oldesttoe,NatGeoMag
oldesttoe,thehoodwitch
oldesttoe,jessicalanyadoo
oldesttoe,TatiannaTarot
oldesttoe,dethbycofee
oldesttoe,kathrynfiona
oldesttoe,laurenwolkstein
oldesttoe,JosephineJambox
oldesttoe,meleslyn
oldesttoe,thecinechick
oldesttoe,ramsincanon
oldesttoe,onlxn
oldesttoe,andygreenwald
oldesttoe,sepinwall
oldesttoe,TheFienPrint
oldesttoe,moryan
oldesttoe,poniewozik
oldesttoe,emilynussbaum
oldesttoe,KenTremendous
oldesttoe,jackwhitehall
oldesttoe,iamcardib
oldesttoe,mikkipedia
oldesttoe,shatamotov
oldesttoe,solangeknowles
oldesttoe,IssaRae
oldesttoe,C4T4V3R
oldesttoe,JaneFae
oldesttoe,AshleyJudd
oldesttoe,Kantye_West
oldesttoe,KimKierkegaard
oldesttoe,ProBirdRights
oldesttoe,dril
oldesttoe,nihilist_arbys
oldesttoe,daveweigel
oldesttoe,IntelexualMedia
oldesttoe,RaphaelBW
oldesttoe,mariabamfoo
oldesttoe,jonnysun
oldesttoe,dubstep4dads
oldesttoe,KyleMcDowell86
oldesttoe,Fred_Delicious
oldesttoe,Brampersandon_
oldesttoe,ch000ch
oldesttoe,tastefactory
oldesttoe,Tommytoughstuff
oldesttoe,Mike_Bianchi
oldesttoe,CornOnTheGoblin
oldesttoe,LostCatDog
oldesttoe,SaddestTiger
oldesttoe,davedittell
oldesttoe,Amusitr0n
oldesttoe,heymichellelee
oldesttoe,ericabuist
oldesttoe,SethAbramson
oldesttoe,bmluse
oldesttoe,ZachInglis
oldesttoe,brightsides
oldesttoe,BlasianBytch
oldesttoe,alextumay
oldesttoe,TechnicallyRon
oldesttoe,Mobute
oldesttoe,Trillburne
oldesttoe,david_j_roth
oldesttoe,Bro_Pair
oldesttoe,cushbomb
oldesttoe,RepMaxineWaters
oldesttoe,Jo_Frost
oldesttoe,rihanna
oldesttoe,MsJuneDiane
oldesttoe,HJBenjamin
oldesttoe,julieklausner
oldesttoe,kylegriffin1
oldesttoe,CraigJ_tweets
oldesttoe,RaleighReporter
oldesttoe,brbdreamhouse
oldesttoe,KiaSpeaks
oldesttoe,bluerazzblowpop
oldesttoe,AltPublicLands
oldesttoe,andynewman
oldesttoe,HallieJackson
oldesttoe,indyv9
oldesttoe,pattymo
oldesttoe,hope_sunlight
oldesttoe,BisHilarious
oldesttoe,AbbyHasIssues
oldesttoe,leresatee
oldesttoe,andizeisler
oldesttoe,ashleyfeinberg
oldesttoe,slackmistress
oldesttoe,jessirklein
oldesttoe,thelittlepakeha
oldesttoe,mssaratweets
oldesttoe,RustBeltRebel
oldesttoe,yungpepsiboy
oldesttoe,jennafischer
oldesttoe,emmaladyrose
oldesttoe,TheDillonOne
oldesttoe,LizHackett
oldesttoe,Wiccan_Nature
oldesttoe,pandora690
oldesttoe,Wiccaseries
oldesttoe,Selena_Fox
oldesttoe,paganwiccan
oldesttoe,almanac
oldesttoe,ashlieatkinson
oldesttoe,SoulRevision
oldesttoe,DanMentos
oldesttoe,tarashoe
oldesttoe,shutupmikeginn
oldesttoe,lngspah
oldesttoe,jaelrk
oldesttoe,jabush
oldesttoe,hellolanemoore
oldesttoe,nathanrabin
oldesttoe,somakghoshal
oldesttoe,IvyShoots
oldesttoe,themelaniedione
oldesttoe,rosiecip
oldesttoe,DocMellyMel
oldesttoe,rosaclemente
oldesttoe,3Wave
oldesttoe,robfee
oldesttoe,Millicentsomer
oldesttoe,samswey
oldesttoe,iKaylaReed
oldesttoe,RevSekou
oldesttoe,zellieimani
oldesttoe,WyzeChef
oldesttoe,BlackVisionsMN
oldesttoe,BLMLA
oldesttoe,ColorOfChange
oldesttoe,PowerDignity
oldesttoe,OsopePatrisse
oldesttoe,awkward_duck
oldesttoe,Dreamdefenders
oldesttoe,Nettaaaaaaaa
oldesttoe,iPhilSomething
oldesttoe,opalayo
oldesttoe,aliciagarza
oldesttoe,StephHerold
oldesttoe,TrustWomen
oldesttoe,Blackamazon
oldesttoe,cheo_coker
oldesttoe,SimoneMissick
oldesttoe,TheShadeRoom
oldesttoe,TUSK81
oldesttoe,Blklivesmatter
oldesttoe,CSIdentiFight
oldesttoe,TENACDC
oldesttoe,KarenAttiah
oldesttoe,juliacraven
oldesttoe,SylviaObell
oldesttoe,XLNB
oldesttoe,MsPackyetti
oldesttoe,CharlesMBlow
oldesttoe,NOWYoungFems
oldesttoe,GuyEndoreKaiser
oldesttoe,Piecomic
oldesttoe,GrowlyGrego
oldesttoe,1followernodad
oldesttoe,SirEviscerate
oldesttoe,SortaBad
oldesttoe,msdanifernandez
oldesttoe,KeetPotato
oldesttoe,sosadtoday
oldesttoe,HollyJonesNC
oldesttoe,chelseanachman
oldesttoe,AllieGoertz
oldesttoe,dcgrrl
oldesttoe,TheGoldenGeesh
oldesttoe,allenvwin
oldesttoe,cryptoglen
oldesttoe,arobertwebb
oldesttoe,RealDMitchell
oldesttoe,RobBrydon
oldesttoe,sydegee
oldesttoe,SarahMillican75
oldesttoe,ReproRights
oldesttoe,RewireNewsGroup
oldesttoe,caitlinmoran
oldesttoe,ZerlinaMaxwell
oldesttoe,ClinicEscort
oldesttoe,PPact
oldesttoe,behindyourback
oldesttoe,vornietom
oldesttoe,audipenny
oldesttoe,SaraAlcid
oldesttoe,Slutever
oldesttoe,tweetswithtwen
oldesttoe,TomSugrue
oldesttoe,adamlisagor
oldesttoe,scottsimpson
oldesttoe,mulaney
oldesttoe,jennyslate
oldesttoe,caitlindewey
oldesttoe,ericelbogen
oldesttoe,JeffJacksonNC
oldesttoe,Metrobusinfo
oldesttoe,FreeinDCBlog
oldesttoe,zakcheneyrice
oldesttoe,Yamiche
oldesttoe,WesleyLowery
oldesttoe,byjoelanderson
oldesttoe,iamsakuma
oldesttoe,pankmagazine
oldesttoe,rgay
oldesttoe,racialicious
oldesttoe,emmangoldstein
oldesttoe,jamiaw
oldesttoe,jaclynf
oldesttoe,_MarthaMay
oldesttoe,TessHenley
oldesttoe,Raekwon
oldesttoe,GhostfaceKillah
oldesttoe,RZA
oldesttoe,MaceWinJew_
oldesttoe,swtygabe
oldesttoe,Phaze_d
oldesttoe,emma_meeks_
oldesttoe,carolineheldman
oldesttoe,MSGunderson
oldesttoe,postlocal
oldesttoe,BCKWTR
oldesttoe,driverminnie
oldesttoe,lessig
oldesttoe,simon_schama
oldesttoe,skullmandible
oldesttoe,SPACEdotcom
oldesttoe,Fabric_of_Space
oldesttoe,SarcasticRover
oldesttoe,MarsCuriosity
oldesttoe,dailygalaxy
oldesttoe,NatGeo
oldesttoe,paulocoelho
oldesttoe,ExcelsiorWV
oldesttoe,lisatozzi
oldesttoe,nczeitgeist
oldesttoe,sbellelauren
oldesttoe,lianamaeby
oldesttoe,juliussharpe
oldesttoe,AmberTozer
oldesttoe,nachosarah
oldesttoe,gayh0rney
oldesttoe,ElizaBayne
oldesttoe,capricecrane
oldesttoe,thatRamosgirl
oldesttoe,EireannDolan
oldesttoe,maebirdwing
oldesttoe,ladybirdj
oldesttoe,shelbyfero
oldesttoe,natashaleggero
oldesttoe,RoomtoRead
oldesttoe,LAAF
oldesttoe,kenji_yoshino
oldesttoe,eltonofficial
oldesttoe,rachelrood
oldesttoe,corbin_peters
oldesttoe,Mark_Memmott
oldesttoe,MichelleSLerner
oldesttoe,kellyoxford
oldesttoe,ADAMDEVINE
oldesttoe,kumailn
oldesttoe,thesulk
oldesttoe,chelseaperetti
oldesttoe,mrbobodenkirk
oldesttoe,Franz_Ferdinand
oldesttoe,qualmsy
oldesttoe,MichaelPetrilli
oldesttoe,PreschoolGems
oldesttoe,john_fha
oldesttoe,Tate
oldesttoe,kbsmith__
oldesttoe,carolinagirl324
oldesttoe,sethmeyers
oldesttoe,Batensmack
oldesttoe,christollack
DaNzigi,TUFacultyHerald
DaNzigi,marystricker
DaNzigi,AcademicChatter
DaNzigi,DadaabPrjct
DaNzigi,emmanuelunivers
DaNzigi,mirindid1
DaNzigi,AWingabire
DaNzigi,DonBizimungu
DaNzigi,MajomboEric
DaNzigi,butwari
DaNzigi,thetranscommie
DaNzigi,scapinomedia
DaNzigi,MusoniU
DaNzigi,ZohranKMamdani
DaNzigi,tearwater_tea
DaNzigi,CarlaKAnderson
DaNzigi,ScholarStrike
DaNzigi,avenerm
DaNzigi,_benmen_
DaNzigi,gorkemgorkem
DaNzigi,OrnellaRCA
DaNzigi,MegArenberg
DaNzigi,Teresas232
DaNzigi,GSEU_SBU
DaNzigi,rsgexp
DaNzigi,blacknbrownphl
DaNzigi,WoodySFletcher
DaNzigi,JeandeDIeuNday7
DaNzigi,SearinglyAaron
DaNzigi,templecoalition
DaNzigi,SamSamAllingham
DaNzigi,dvplaza
DaNzigi,kevinfbeckford
DaNzigi,payusmoreucsc
DaNzigi,RAFTcaucus
DaNzigi,Rwandankunda
DaNzigi,DrMoiraFaul
DaNzigi,chandrimagrdas
DaNzigi,alternativesco1
DaNzigi,SLIZWA
DaNzigi,AKB1606
DaNzigi,sudanrevots3
DaNzigi,Johnny06264337
DaNzigi,badrudd54764609
DaNzigi,MyAngelMed
DaNzigi,Bakri1Bakri
DaNzigi,badur0
DaNzigi,adelardkilosho6
DaNzigi,arnaudwingabire
DaNzigi,BreilleI
DaNzigi,carolyneholmes
DaNzigi,JohnHolbein1
DaNzigi,jennifernvictor
DaNzigi,nkschueller
DaNzigi,Mugisha18874554
DaNzigi,Dorine751
DaNzigi,_prettydollpatt
DaNzigi,BennettCartoons
DaNzigi,mexieYT
DaNzigi,MichThill
DaNzigi,HManuelWriter
DaNzigi,Tara64544340
DaNzigi,BrandonHebor
DaNzigi,Marcelin_Che
DaNzigi,TujengeAfrica
DaNzigi,NotEachOther
DaNzigi,nickyknacks
DaNzigi,SchneidRemarks
DaNzigi,RepEspaillat
DaNzigi,IkirihoNews
DaNzigi,ContraPoints
DaNzigi,DeganAli
DaNzigi,EvilGeniusPub
DaNzigi,AidWorkerJesus
DaNzigi,Fromagehomme
DaNzigi,KivuSecurity
DaNzigi,crg_crg
DaNzigi,KristofTiteca
DaNzigi,DegenerateThing
DaNzigi,AfricanWriter1
DaNzigi,cognitivepolicy
DaNzigi,MarshaWittinkMD
DaNzigi,TCarayannis
DaNzigi,PMiganda
DaNzigi,guygrossman
DaNzigi,yokatykatikate
DaNzigi,prof_mirya
DaNzigi,IPISResearch
DaNzigi,footcd
DaNzigi,US_Emb_Burundi
DaNzigi,yfpgl
DaNzigi,SORAZIZ
DaNzigi,thegarance
DaNzigi,NAACP
DaNzigi,BSAatUVA
DaNzigi,BenParker140
DaNzigi,kim_landragon
DaNzigi,stovepanini
DaNzigi,SimuChigudu
DaNzigi,ducorwriter
DaNzigi,MohamedMOSalih
DaNzigi,jobitek
DaNzigi,daniel_choi
DaNzigi,yacine_22536
DaNzigi,SarahMayorga
DaNzigi,climberdanjones
DaNzigi,choidanielj
DaNzigi,SenatorCardin
DaNzigi,Move_the_Needle
DaNzigi,RienSlesFemmes
DaNzigi,didone90
DaNzigi,MsPackyetti
DaNzigi,SaveurduKivu
DaNzigi,DrToddACurry
DaNzigi,ShimaRwigara
DaNzigi,DeadPundits
DaNzigi,T4PAfrica
DaNzigi,eisenberg_andy
DaNzigi,Adamtheactivist
DaNzigi,Tomas_Nordberg
DaNzigi,blackmirror
DaNzigi,WFreedomMuseum
DaNzigi,SKalyvas
DaNzigi,DisabledMomma
DaNzigi,EnriPicco
DaNzigi,msafarid
DaNzigi,Eloise_Btd
DaNzigi,MixedMethodsRTP
DaNzigi,SenWarren
DaNzigi,RepLeanne
DaNzigi,DelcoDems
DaNzigi,leanne4pa
DaNzigi,aasif
DaNzigi,thisdanstevens
DaNzigi,jnwadiuko
DaNzigi,scott_a_ross
DaNzigi,MarchForScience
DaNzigi,congoflow
DaNzigi,djsimon7
DaNzigi,zenodotus
DaNzigi,RogueNASA
DaNzigi,NotAltWorld
DaNzigi,fredbauma90
DaNzigi,StephanieCarvin
DaNzigi,PhilosophyTube
DaNzigi,ida_sawyer
DaNzigi,GMathys
DaNzigi,MHChat
DaNzigi,jelani9
DaNzigi,seanphughes99
DaNzigi,amandataub
DaNzigi,thebrownhijabi
DaNzigi,dananorris
DaNzigi,schlindweinsim
DaNzigi,WeWontWait17
DaNzigi,Greenrosseta
DaNzigi,POCalsoknow
DaNzigi,SpencerPiston
DaNzigi,impakterdotcom
DaNzigi,Mcgourty22N
DaNzigi,hansmerket
DaNzigi,PeterMancina
DaNzigi,JWPaller
DaNzigi,businessscholar
DaNzigi,TheRealSarahTB
DaNzigi,TobiasPeyerl
DaNzigi,_yvettegriff
DaNzigi,freyntje
DaNzigi,hdijma
DaNzigi,DrPeterKilroy
DaNzigi,G_Guvenify
DaNzigi,ItsCCane
DaNzigi,InesSoriaDonlan
DaNzigi,RodneyP_UK
DaNzigi,SHHORAI
DaNzigi,EdWithAPassion
DaNzigi,FatumasVoice
DaNzigi,EmilyGiles90
DaNzigi,millslaurajayne
DaNzigi,sophiasgaler
DaNzigi,inplaceofwar
DaNzigi,edanderson101
DaNzigi,johnmcdonnellMP
DaNzigi,liliagiugni
DaNzigi,MGLiebst
DaNzigi,jchitchen
DaNzigi,willmorgan66
DaNzigi,realcnday
DaNzigi,GKAJEMBA
DaNzigi,MDoerl
DaNzigi,uechigbu
DaNzigi,JulesNshamamba
DaNzigi,tshiswaka5
DaNzigi,donald_grape
DaNzigi,mzjwords
DaNzigi,womenalsoknow
DaNzigi,advodude
DaNzigi,ryeisenberg
DaNzigi,profptj
DaNzigi,MsAfropolitan
DaNzigi,nasibuzaurati
DaNzigi,joodmc
DaNzigi,musambajosaphat
DaNzigi,AriW
DaNzigi,DSfilmgroup
DaNzigi,thepinknotes
DaNzigi,IainCampbell008
DaNzigi,rgunns
DaNzigi,IC2Ferguson
DaNzigi,SocialMoveTech
DaNzigi,Ethnography911
DaNzigi,msamaka
DaNzigi,TshiombelaJonas
DaNzigi,SamuelssonTore
DaNzigi,GEC_CRG
DaNzigi,AfEconHis
DaNzigi,eliemutela
DaNzigi,KhaledBeydoun
DaNzigi,PamojaUK
DaNzigi,Shaikhasik
DaNzigi,gabrlind
DaNzigi,SwahiliPod101
DaNzigi,MrLeonardKim
DaNzigi,Veeren_Jubbal
DaNzigi,DUNX
DaNzigi,AfricaSexWork
DaNzigi,TyMcCormick
DaNzigi,JadedAid
DaNzigi,LenniMontiel
DaNzigi,citizensreturn
DaNzigi,BuligoE
DaNzigi,alexpfielding
DaNzigi,SocivGoma
DaNzigi,Justina_Kehinde
DaNzigi,Ivuoma
DaNzigi,theget_
DaNzigi,CafeKivu
DaNzigi,woudena
DaNzigi,Justicemks
DaNzigi,FReyniers
DaNzigi,U_Bangi
DaNzigi,MuambaLondja
DaNzigi,Ras_Karya
DaNzigi,kudupadraic
DaNzigi,alexhnoyes
DaNzigi,lauraktaylorPHD
DaNzigi,hiroshima911
DaNzigi,aid_leap
DaNzigi,jaremeymcmullin
DaNzigi,CoryBooker
DaNzigi,thejewitches
DaNzigi,BrBabblingBooks
DaNzigi,SOAKatz
DaNzigi,katiecouric
DaNzigi,wetsprocket
DaNzigi,UN_CAR
DaNzigi,UNICEF_CAR
DaNzigi,arnmnn3
DaNzigi,MagnusGTaylor
DaNzigi,BeFierceWarrior
DaNzigi,EmeryMudinga
DaNzigi,ValerieArnould
DaNzigi,Weyi4President
DaNzigi,Callum_Macrae
DaNzigi,sarahbrockmeier
DaNzigi,juvenalmunubo
DaNzigi,CongoMines
DaNzigi,ariel_ahram
DaNzigi,occupyirtheory
DaNzigi,Worse_Reviewer
DaNzigi,daddy_tweeter
DaNzigi,sergevandoorn
DaNzigi,Sautiyacongo
DaNzigi,LORDMBAKAMA
DaNzigi,dad_gab
DaNzigi,LDBogart
DaNzigi,JNzweve
DaNzigi,dave_the_prof
DaNzigi,Charlomertens
DaNzigi,TimH_B
DaNzigi,ChrisKirouac
DaNzigi,nonstopsnark
DaNzigi,LTFHC
DaNzigi,gfkkb
DaNzigi,7piliers
DaNzigi,JdDNtanga
DaNzigi,Allegra_Bx
DaNzigi,MarijkeDeleu
DaNzigi,MaxLeHegarat
DaNzigi,TheMwami
DaNzigi,LilBillHaywood
DaNzigi,fbizzarroneto
DaNzigi,LPI_voices
DaNzigi,brianklaas
DaNzigi,Congoinharlem
DaNzigi,cmbroussard
DaNzigi,luchaRDC
DaNzigi,soph_rosenberg
DaNzigi,panoramardc
DaNzigi,PBocquil
DaNzigi,IMPACTtransform
DaNzigi,100tro
DaNzigi,ipinstGO
DaNzigi,aaronross6
DaNzigi,OrRosenboim
DaNzigi,hassanmutubwa
DaNzigi,sctwea
DaNzigi,carla__suarez
DaNzigi,vrouget
DaNzigi,ZamundasFinest
DaNzigi,hetamm
DaNzigi,KatrinWittig
DaNzigi,fmurhola
DaNzigi,Eddy_Mbuyi
DaNzigi,judithverweijen
DaNzigi,marjo_pichon
DaNzigi,SashaLezh
DaNzigi,idjwi
DaNzigi,sikudeogratias
DaNzigi,joanna_macrae
DaNzigi,jokmadut
DaNzigi,_rasr13
DaNzigi,FidelBaf
DaNzigi,KivuNuru
DaNzigi,UN_satisfactory
DaNzigi,taxesforpeace
DaNzigi,Dolansphere
DaNzigi,BlogCassandra
DaNzigi,CassandraH
DaNzigi,medusa_dallas
DaNzigi,kcroninfurman
DaNzigi,DenisonBe
DaNzigi,Delphino12
DaNzigi,MpowerWomenKe
DaNzigi,Congositive
DaNzigi,cait_willis
DaNzigi,j_stabel
DaNzigi,stikjeks
DaNzigi,josaphatmusamba
DaNzigi,Oldaalphonse01
DaNzigi,CRESACongo
DaNzigi,lizziestorer
DaNzigi,RadleyBen
DaNzigi,helleringer143
DaNzigi,PKashwan
DaNzigi,DRC243
DaNzigi,VVWhitePhD
DaNzigi,elizMstuart
DaNzigi,caiwilkinson
DaNzigi,SvBillerbeck
DaNzigi,W_Schaerlaekens
DaNzigi,ipinst
DaNzigi,RemyKasindi
DaNzigi,ndeke236
DaNzigi,hl_cooper
DaNzigi,MeeraSabaratnam
DaNzigi,catherine_lee_p
DaNzigi,Henry_Dijkhoff
DaNzigi,APPGGreatLakes
DaNzigi,jmunyampenda
DaNzigi,GrevisseM
DaNzigi,hirblinger
DaNzigi,robn1980
DaNzigi,avandemo
DaNzigi,SRSG_MONUSCO
DaNzigi,loureports
DaNzigi,siasadufu
DaNzigi,Hjuer
DaNzigi,ColleeninLondon
DaNzigi,jo3_f
DaNzigi,mdavisqlder
DaNzigi,David_J_Simon
DaNzigi,JacobKushner
DaNzigi,cliveabaldwin
DaNzigi,TansiaTresor
DaNzigi,KellyJoBluen
DaNzigi,jm_senga
DaNzigi,KevinSBurke
DaNzigi,kongoecho
DaNzigi,JoeBavier
DaNzigi,philclark79
DaNzigi,WritersofColour
DaNzigi,katinaction
DaNzigi,EsmeraldaVdB
DaNzigi,whitesaviour
DaNzigi,rob1234567891
DaNzigi,sirisnotes
DaNzigi,Okwonga
DaNzigi,historywomble
DaNzigi,StellaChetham
DaNzigi,dodecagon
DaNzigi,Jeremy_A_Green
DaNzigi,OwenShumba
DaNzigi,tormagazine
DaNzigi,zwiebeck
DaNzigi,hkarongo
DaNzigi,TamsinBryony
DaNzigi,RuthEllul
DaNzigi,AlexisFlynn
DaNzigi,SwahiliSanifu
DaNzigi,baldita
DaNzigi,KrocInstitute
DaNzigi,PirateOmnibus
DaNzigi,eswiniecki
DaNzigi,B_Malowa
DaNzigi,JakobHaentjes
DaNzigi,JacobGahamanyi
DaNzigi,nothingtosay22
DaNzigi,cafnewsnow
DaNzigi,natcphd
DaNzigi,ActLocalFirst
DaNzigi,justinebrabant
DaNzigi,odionysiou
DaNzigi,EstherMarijnen
DaNzigi,MuellerTimo
DaNzigi,louisalombard
DaNzigi,congoinitiative
DaNzigi,ElienSpille
DaNzigi,abhumanists
DaNzigi,x_timka_x
DaNzigi,krisberwouts
DaNzigi,nsabiyumva_
DaNzigi,f_tosarelli
DaNzigi,RVInews
DaNzigi,IREEP_Benin
DaNzigi,KASCAFRICA
DaNzigi,MSFcongo
DaNzigi,Mbuyuni_org
DaNzigi,lamukenya
DaNzigi,UgandaSings
DaNzigi,photografight
DaNzigi,willisdanse
DaNzigi,MikaSakombi
DaNzigi,JoeFigueiraM
DaNzigi,alexengwete
DaNzigi,Msforafrica
DaNzigi,culturalmash
DaNzigi,JamesPRudolph
DaNzigi,oakeshottm
DaNzigi,betsylevyp
DaNzigi,gmsainz
DaNzigi,TWSCambridge
DaNzigi,tjwprobert
DaNzigi,CGHR_Cambridge
DaNzigi,hoebekeh
DaNzigi,mm1124
DaNzigi,SeverineAR
DaNzigi,c_kayser
DaNzigi,kvlassen
DaNzigi,traumajournos
DaNzigi,dandrezner
DaNzigi,YmhaHassan
DaNzigi,jekline33
DaNzigi,houstonshearon
DaNzigi,inkivu
DaNzigi,ConflAndSec
DaNzigi,Amy_Potter
DaNzigi,JimGR
DaNzigi,africambridge
DaNzigi,AfriCommons
DaNzigi,crazymwangi
DaNzigi,BabaElly
DaNzigi,BlairReeves
DaNzigi,insightconflict
DaNzigi,sophietholstrup
DaNzigi,HumAdGrp
DaNzigi,njmwaurak
DaNzigi,mawazo_mengi
DaNzigi,shengnation
DaNzigi,Deardrd1
DaNzigi,peacedirect
DaNzigi,cobbo3
DaNzigi,JuliaGillard
DaNzigi,pakokoya
DaNzigi,AfricanFutures
DaNzigi,NewAfricaAnalys
DaNzigi,WHYMEB
DaNzigi,DAWNInc
DaNzigi,t_mcconnell
DaNzigi,josskabeya
DaNzigi,DHirschelBurns
DaNzigi,RichardKapend02
DaNzigi,kakongea
DaNzigi,DaveKienzler
DaNzigi,HiddenBrain
DaNzigi,ChangeIA
DaNzigi,lahogan4
DaNzigi,CrispinAgutu
DaNzigi,bono581
DaNzigi,kinyarwandanet
DaNzigi,enewcomer
DaNzigi,BrandonHamber
DaNzigi,blaisengo
DaNzigi,Pascale_Palmer
DaNzigi,stephentkelly
DaNzigi,SZ700Z
DaNzigi,RaghdanM
DaNzigi,AsikoBrenda
DaNzigi,nic_muirhead
DaNzigi,ngongdeng1
DaNzigi,JessicaOmari
DaNzigi,josephokia
DaNzigi,MElmannan
DaNzigi,mighty_mo_1
DaNzigi,ValerieBonk
DaNzigi,Moodizz
DaNzigi,GLSutherland
DaNzigi,stevek0
DaNzigi,A22523
DaNzigi,OsmanNawayPost
DaNzigi,gabymakulla
DaNzigi,DengAgoth1
DaNzigi,Fuzywuzy8
DaNzigi,JasonFritz1
DaNzigi,lostshepherd1
DaNzigi,SomaliThinker
DaNzigi,Tannerjc
DaNzigi,makavelirdc
DaNzigi,koyawoomanga
DaNzigi,williamilunga
DaNzigi,ZedBooks
DaNzigi,hellenotii
DaNzigi,Khaled_Dajani
DaNzigi,Timlongman
DaNzigi,_yesnomaybe_
DaNzigi,Jwananda
DaNzigi,DanielVdherten
DaNzigi,thisisamroo
DaNzigi,eldahshan
DaNzigi,fariniamujica
DaNzigi,AaronAusland
DaNzigi,amrmohabbas
DaNzigi,francoisada
DaNzigi,mhayoun
DaNzigi,dkatabarwa
DaNzigi,mukeshkapila
DaNzigi,sufyanabbas
DaNzigi,DaliaHusein
DaNzigi,JeansyKazadi
DaNzigi,RyanBoyette
DaNzigi,Meltilib
DaNzigi,sudanfights
DaNzigi,Emmy_SD
DaNzigi,yassmin_a
DaNzigi,RwandaPaix
DaNzigi,emilysbishop
DaNzigi,MuftahOrg
DaNzigi,AidNews2
DaNzigi,El__Malaz
DaNzigi,cvs_congo
DaNzigi,PSJones01
DaNzigi,AbdaYahia
DaNzigi,IWPRnederland
DaNzigi,helzubeir
DaNzigi,MalcolmWebb
DaNzigi,LailaLalami
DaNzigi,Usiful_ME
DaNzigi,FreeSudanese
DaNzigi,MUZNA_ALMAHDI
DaNzigi,africaportal
DaNzigi,green_baai
DaNzigi,TomMboya
DaNzigi,MorningAfrika
DaNzigi,IntoAfricaBlog
DaNzigi,wbend
DaNzigi,ethuin
DaNzigi,TEDxKabul
DaNzigi,bwesigye
DaNzigi,charltonbrooker
DaNzigi,OUPAcademic
DaNzigi,jenningssimon
DaNzigi,kwanitrust
DaNzigi,JenTB
DaNzigi,sjjphd
DaNzigi,will_allen
DaNzigi,jssozi
DaNzigi,MattEck123
DaNzigi,cjmewett
DaNzigi,MushamukaD
DaNzigi,cyrusthevyrus
DaNzigi,jessiehatcher
DaNzigi,pmagelah
DaNzigi,AguilB
DaNzigi,NYUAfricaHouse
DaNzigi,Shadrocker
DaNzigi,CRbuildpeace
DaNzigi,LVDPC
DaNzigi,ruhumuza
DaNzigi,BBCWBC
DaNzigi,danaleehall
DaNzigi,knwanze
DaNzigi,inzocongo
DaNzigi,AlexMDBowles
DaNzigi,AndreaScheibler
DaNzigi,CambridgeACS
DaNzigi,narubeku
DaNzigi,alanboswell
DaNzigi,FreeFairDRC
DaNzigi,jaheinzelman
DaNzigi,Spine_Africa_
DaNzigi,HildyGottlieb
DaNzigi,ChapmanKathrynL
DaNzigi,MUCHENDUH
DaNzigi,AyeshaHasan
DaNzigi,AliahKhaled
DaNzigi,WISE_LLC
DaNzigi,fambultok
DaNzigi,HopeNorth
DaNzigi,annamagdasays
DaNzigi,Opiaiya
DaNzigi,YouthIraq
DaNzigi,Kodouda
DaNzigi,BinyavangaW
DaNzigi,JohnCleese
DaNzigi,HerbCarmen
DaNzigi,andypstringer
DaNzigi,rolandparis
DaNzigi,ikhras
DaNzigi,J_Schiff
DaNzigi,500wordsmag
DaNzigi,Borst_NYU
DaNzigi,ESouvairan
DaNzigi,tabinusawa
DaNzigi,gnwp_gnwp
DaNzigi,OxPolBlog
DaNzigi,girifna
DaNzigi,ALAcademy
DaNzigi,oxfordafrica
DaNzigi,geekinthejungle
DaNzigi,USEmbKinshasa
DaNzigi,PonyTree
DaNzigi,mwalukere
DaNzigi,pressfuturist
DaNzigi,sharath_sri
DaNzigi,EdouardMutabazi
DaNzigi,phneeley
DaNzigi,Shamarat
DaNzigi,JangaRule
DaNzigi,YoungPFDJ
DaNzigi,JasonAntrosio
DaNzigi,Aid_Source
DaNzigi,daloya
DaNzigi,AhmadMohamed10
DaNzigi,LibGoddess
DaNzigi,scholasticahq
DaNzigi,DAWNSDigest
DaNzigi,Afripopmag
DaNzigi,africantour2010
DaNzigi,HayesBrown
DaNzigi,KalanThinks
DaNzigi,KateBomz
DaNzigi,mkiziwi
DaNzigi,Bourdain
DaNzigi,CedricdeConing
DaNzigi,ifikra
DaNzigi,Jeerha
DaNzigi,craigjcalhoun
DaNzigi,mjamme
DaNzigi,aidlolz
DaNzigi,Melaniegouby
DaNzigi,FoOtieno
DaNzigi,NonoDevRookie
DaNzigi,RowanEmslie
DaNzigi,dengjk
DaNzigi,JamesCopnall
DaNzigi,SudanHSBA
DaNzigi,kuttum
DaNzigi,bukavu
DaNzigi,christinamobley
DaNzigi,FionnFile
DaNzigi,umaworks
DaNzigi,digitaldjeli
DaNzigi,phat_controller
DaNzigi,stellasafari
DaNzigi,MvembaDizolele
DaNzigi,CRASSHlive
DaNzigi,VOACongoStory
DaNzigi,DG_Lewis
DaNzigi,jonnyhogg1
DaNzigi,AbdallahDaar
DaNzigi,smsaideman
DaNzigi,Egyptocracy
DaNzigi,crisismapping
DaNzigi,PrisonPolicy
DaNzigi,blandarena
DaNzigi,MwanaFA
DaNzigi,itsnap
DaNzigi,HeatherLeson
DaNzigi,SIPAUshahidi
DaNzigi,CrisisCommons
DaNzigi,tarekmd
DaNzigi,dotunbabayemi
DaNzigi,NtumbaKongolo
DaNzigi,howardsends
DaNzigi,pia_muzaffar
DaNzigi,aastanley
DaNzigi,benyeoma
DaNzigi,mosno_music
DaNzigi,TanuNzau
DaNzigi,GeorgeThePoet
DaNzigi,ashrafism
DaNzigi,Sara_Suliman_SD
DaNzigi,AsifMIEc
DaNzigi,africanhiphop
DaNzigi,uOttawaCIPS
DaNzigi,africasacountry
DaNzigi,PeppermintPatee
DaNzigi,BFriedmanDC
DaNzigi,CSISAfrica
DaNzigi,wael_emad_
DaNzigi,youwutnow
DaNzigi,BottmUpThinking
DaNzigi,MarkBraund
DaNzigi,BSonblast
DaNzigi,SanaSaeed
DaNzigi,Apps4Africa2
DaNzigi,savageminds
DaNzigi,african_dream
DaNzigi,badreldin
DaNzigi,JustinWolfers
DaNzigi,GhanaThinkTank
DaNzigi,elseed
DaNzigi,jny23ug
DaNzigi,SBengali
DaNzigi,Mans_Svensson
DaNzigi,PlanGlobal
DaNzigi,vnz2
DaNzigi,dswinder
DaNzigi,makarand_s
DaNzigi,louisaolafuyi
DaNzigi,bmuluu
DaNzigi,LaYasmeen
DaNzigi,SaraGSaad
DaNzigi,ADInitiative
DaNzigi,Namaa0009
DaNzigi,afabdelaziz
DaNzigi,nomanko
DaNzigi,Mazin_Alamin
DaNzigi,ProfessorJayTz
DaNzigi,SomaliaNewsMix
DaNzigi,mindfulnext
DaNzigi,IASSACarleton
DaNzigi,love2write
DaNzigi,YGuichaoua
DaNzigi,kambale
DaNzigi,mogelle
DaNzigi,UnaDispatch
DaNzigi,Farmers__
DaNzigi,smsradio
DaNzigi,AmjadMadi
DaNzigi,Rawatweets
DaNzigi,Doylebytes
DaNzigi,AliDayan
DaNzigi,mfalme
DaNzigi,AJYemen
DaNzigi,MohamedMascud
DaNzigi,lawyereemkhalaf
DaNzigi,al_gaid
DaNzigi,ChrisHemmens
DaNzigi,SudanPessimist
DaNzigi,iknowjoseph
DaNzigi,jke
DaNzigi,msbahari
DaNzigi,Rz7
DaNzigi,DrDigiPol
DaNzigi,Kmamoun
DaNzigi,aMonaffal
DaNzigi,AmMahdi
DaNzigi,heindehaas
DaNzigi,choldgraf
DaNzigi,Anisa_Hajimumin
DaNzigi,nubianomad
DaNzigi,ReinouGroen
DaNzigi,mrnathannelson
DaNzigi,anitacherise
DaNzigi,sunshinesudan
DaNzigi,Do_odz
DaNzigi,SudanGlobalPR
DaNzigi,EbbaKalondo
DaNzigi,mbaudier
DaNzigi,bakavicory
DaNzigi,tsgoot_bs
DaNzigi,d3akar
DaNzigi,developmentdata
DaNzigi,mabriya
DaNzigi,MudandBloom
DaNzigi,jenniferpholt
DaNzigi,ruckusociety
DaNzigi,mattbrownSA
DaNzigi,dalliasd
DaNzigi,buyafghan
DaNzigi,EWB_WRG
DaNzigi,Cinque529
DaNzigi,MimzicalMimz
DaNzigi,OKAMovie
DaNzigi,GeeQ27
DaNzigi,emjacobi
DaNzigi,DrAlahdi
DaNzigi,stephen_djones
DaNzigi,AfricanCentre
DaNzigi,n_th_n_
DaNzigi,researchethics
DaNzigi,lurendreier2
DaNzigi,CrisisCamp
DaNzigi,amisomsomalia
DaNzigi,anhri
DaNzigi,nairobinotes
DaNzigi,TravisLAdkins
DaNzigi,ReemWrites
DaNzigi,Zaineb_Darfur
DaNzigi,zolsudani
DaNzigi,Radiodabanga
DaNzigi,SudanRadioPrjct
DaNzigi,sudanunit
DaNzigi,povertycurtain
DaNzigi,cheng_christine
DaNzigi,N0LSD
DaNzigi,HankStaffers
DaNzigi,dekaminski
DaNzigi,JShahryar
DaNzigi,HybridStates
DaNzigi,TransitBlogger
DaNzigi,chasingcarly
DaNzigi,ElBloombito
DaNzigi,JalalAK_jojo
DaNzigi,OliveRevolt
DaNzigi,not_me
DaNzigi,SyrianForChange
DaNzigi,amanali
DaNzigi,BRANDOUTLOUD
DaNzigi,ChuckSRQ
DaNzigi,ValerieAmos
DaNzigi,tonidockter
DaNzigi,SonofBaldwin
DaNzigi,khalidalbaih
DaNzigi,boilthebeast
DaNzigi,AfricaAtLSE
DaNzigi,mlabeastafrica
DaNzigi,mlabsa
DaNzigi,icna
DaNzigi,MMWtweets
DaNzigi,mdelew
DaNzigi,ghazalairshad
DaNzigi,HindMakki
DaNzigi,Nilempress
DaNzigi,wasilalitaha
DaNzigi,SD_Scholarships
DaNzigi,WomenWarPeace
DaNzigi,flafontaine
DaNzigi,dgundaya
DaNzigi,SemiDikoko
DaNzigi,typzk
DaNzigi,m_basry
DaNzigi,stevekimogol
DaNzigi,maritaerrepe
DaNzigi,LawRwebishengye
DaNzigi,Kentgreenfield1
DaNzigi,manucartoons
DaNzigi,RootsofDevlpmnt
DaNzigi,josswright
DaNzigi,babzo
DaNzigi,GallowayCat
DaNzigi,AdvocacyProject
DaNzigi,weddady
DaNzigi,planningtheday
DaNzigi,ahrcpress
DaNzigi,FootprintsWoman
DaNzigi,PneufVvich
DaNzigi,raszpodnik
DaNzigi,Dan_E_Solo
DaNzigi,radiomaisha
DaNzigi,TheDersh
DaNzigi,craignicol
DaNzigi,CIDIoutreach
DaNzigi,starasova
DaNzigi,FahadManiar
DaNzigi,AsmaraAdanis
DaNzigi,shaistaAziz
DaNzigi,philinthe_
DaNzigi,ManarMohsen
DaNzigi,RuwaydaMustafah
DaNzigi,OSMLondon
DaNzigi,BorisWatch
DaNzigi,see_africa
DaNzigi,Flo_Sci
DaNzigi,Lt_Squirrel
DaNzigi,mualhadi
DaNzigi,SPLMDiaspora
DaNzigi,NigeriansTalk
DaNzigi,chimeasonye
DaNzigi,LeekyG
DaNzigi,cancivlib
DaNzigi,tigritude
DaNzigi,nickmnguyen
DaNzigi,Erict19
DaNzigi,OnlyOneH
DaNzigi,AfricaAnalyst
DaNzigi,GSResponse
DaNzigi,EINDevelopment
DaNzigi,pscrosby
DaNzigi,saqeram
DaNzigi,urihoresh
DaNzigi,tkb
DaNzigi,BuildingLiberia
DaNzigi,africaeconomist
DaNzigi,Deziboyd
DaNzigi,pmrun
DaNzigi,thefpr_org
DaNzigi,ict4d
DaNzigi,CongoPlanete
DaNzigi,adasax
DaNzigi,jonathancristol
DaNzigi,fredbvalani
DaNzigi,austinmadinga
DaNzigi,thengoniprince
DaNzigi,valkenburgh
DaNzigi,AltMuslimah
DaNzigi,Chris_mahillet
DaNzigi,TheNomaNdlovu
DaNzigi,schuyler
DaNzigi,nielstenoever
DaNzigi,Mwatin_Sudani
DaNzigi,tekerebanelim
DaNzigi,TomLawMedia
DaNzigi,peterdoerrie
DaNzigi,ToSudanWithLove
DaNzigi,JamilaElGizuli
DaNzigi,Thakuraine
DaNzigi,ticiaverveer
DaNzigi,twendelee
DaNzigi,Safaa_Alim
DaNzigi,sboots
DaNzigi,dabiggmoe
DaNzigi,his_moezness
DaNzigi,cairchicago
DaNzigi,Frances_Coppola
DaNzigi,economicsNZ
DaNzigi,MachariaGaitho
DaNzigi,RSF_inter
DaNzigi,tejucole
DaNzigi,Islam_TRB
DaNzigi,billionprices
DaNzigi,WCoffeeResearch
DaNzigi,jpronyk
DaNzigi,CynaraKV
DaNzigi,jwillia2
DaNzigi,sjarnvig
DaNzigi,NU_B_YA
DaNzigi,WaleedAbulkhair
DaNzigi,AymanElkhidir
DaNzigi,junejarajiv
DaNzigi,DrSalmaPatel
DaNzigi,TerrorResearch
DaNzigi,bodaceacat
DaNzigi,tenbus_uk
DaNzigi,rebeccaproject
DaNzigi,AlanMJackson
DaNzigi,risingvoices
DaNzigi,BetteDam
DaNzigi,kabulleslie
DaNzigi,moazzam78
DaNzigi,guoxu_econ
DaNzigi,conneally
DaNzigi,TimHarford
DaNzigi,DigiAbby
DaNzigi,HanaOsman
DaNzigi,AFROLICIOUS
DaNzigi,socialeurope
DaNzigi,MoKotkot
DaNzigi,DahliaMo
DaNzigi,MuhanadRa
DaNzigi,SuhaBabikir
DaNzigi,simsimt
DaNzigi,KelechiUjuu
DaNzigi,PrivacyCamp
DaNzigi,MarkKersten
DaNzigi,FeedingAmerica
DaNzigi,nokidhungry
DaNzigi,aurorblah
DaNzigi,Abihabib
DaNzigi,alb202
DaNzigi,FreeVoice007
DaNzigi,nellyali
DaNzigi,UKguy4justice
DaNzigi,MuslimCouncil
DaNzigi,GFFAusGroup
DaNzigi,joyfulfortress
DaNzigi,nomvuyo
DaNzigi,incrediceland
DaNzigi,shaan360
DaNzigi,TimothyS
DaNzigi,rajshah
DaNzigi,AAlSaad
DaNzigi,microtask_fr
DaNzigi,mathaba2
DaNzigi,Cher_H
DaNzigi,leKrab
DaNzigi,wirereporter
DaNzigi,TheBlackNile
DaNzigi,zackfolio
bobcatarts,ArmedEquality
bobcatarts,LatinoRifleOrg
bobcatarts,ChefAnthonyDC
bobcatarts,BrockMartin31
bobcatarts,oracle_dc
bobcatarts,aletweetsnews
bobcatarts,SoaringFalcon4
bobcatarts,pgcdsa
bobcatarts,practicaljp
bobcatarts,xpi
bobcatarts,LilRxch
bobcatarts,vianerds
bobcatarts,mikan332
bobcatarts,PerspectiveDMV
bobcatarts,Killmoenews1
bobcatarts,courtwatchpg
bobcatarts,tama_tachikawa
bobcatarts,BOMBmagazine
bobcatarts,Red_pond23
bobcatarts,madeinthedmv
bobcatarts,free_bearz
bobcatarts,eos32peg01362
bobcatarts,illuviel
bobcatarts,because_trains
bobcatarts,elwaysoutheast
bobcatarts,AMNH
bobcatarts,HoodCommunist
bobcatarts,ArtspaceDC
bobcatarts,lfrum
bobcatarts,WholesomeMeme
bobcatarts,ShouldHaveCat
bobcatarts,joannaestep
bobcatarts,StompSlumlords
bobcatarts,Tk_Nalane
bobcatarts,sleuthmedia
bobcatarts,OsazeAkil
bobcatarts,Jessegsx
bobcatarts,the_galvanizer
bobcatarts,MoCo_DSA
bobcatarts,FromTheHeartPNW
bobcatarts,engagearmament
bobcatarts,Ayuda_Audelia
bobcatarts,theYvonneB
bobcatarts,RoDawg419
bobcatarts,LindaClassical
bobcatarts,pgcounty_aid
bobcatarts,AntifaCares
bobcatarts,Griffen
bobcatarts,TheXFilmXLord
bobcatarts,sosetheghost
bobcatarts,mariyastrauss
bobcatarts,HondaJP
bobcatarts,klyphs
bobcatarts,HogWorkz
bobcatarts,diggahertz
bobcatarts,eros_draws
bobcatarts,DbacksBaxter
bobcatarts,klingershow
bobcatarts,iammantra
bobcatarts,RealTimeNews10
bobcatarts,FootsDaKing
bobcatarts,flavortown
bobcatarts,OurRevolutionMD
bobcatarts,MarylandMoto
bobcatarts,HondaBike_hmj
bobcatarts,kuriboy11
bobcatarts,koukichi_auc
bobcatarts,partzilla
bobcatarts,DCW1MutualAid
bobcatarts,txxlxrr
bobcatarts,GuyFieri
bobcatarts,green_solid
bobcatarts,GoslingOne
bobcatarts,suzukigsx1100sl
bobcatarts,maruyo_
bobcatarts,kohisamaYT
bobcatarts,TheRealTiaReid
bobcatarts,ZoneInformant
bobcatarts,flick4126
bobcatarts,DMVBlackLives
bobcatarts,DMV411_
bobcatarts,FFDC2020
bobcatarts,hoppe_pen
bobcatarts,insolventsee
bobcatarts,IronProle
bobcatarts,iww
bobcatarts,nightschool_dc
bobcatarts,NatickBobCat
bobcatarts,JWhitePubRadio
bobcatarts,M0704Tanaka
bobcatarts,dmv411
bobcatarts,CobraCommander
bobcatarts,LYONRUM
bobcatarts,clymermanuals
bobcatarts,esuji_rin
bobcatarts,SweetSticksDMV
bobcatarts,ikebukuro_hotel
bobcatarts,cheo_coker
bobcatarts,brando44
bobcatarts,motorcycle_navi
bobcatarts,NPRmageddon
bobcatarts,NWStornado
bobcatarts,mitsumental2018
bobcatarts,monkey_cafe_RC
bobcatarts,DeadSilenceMC
bobcatarts,juggaknots
bobcatarts,Breezebrewin
bobcatarts,AnishNation
bobcatarts,MDSheepWoolFest
bobcatarts,Mia4MD
bobcatarts,USCPSC
bobcatarts,skmplife
bobcatarts,UltraBlackEnt
bobcatarts,jahfariibeads
bobcatarts,proleslaw
bobcatarts,andceteras
bobcatarts,inomnomcom
bobcatarts,insolventseas
bobcatarts,driftingfocus
bobcatarts,syokojiro
bobcatarts,drz400sm9999
bobcatarts,WHFS1023DocFilm
bobcatarts,All_Out_DC
bobcatarts,BikeJIN_mag
bobcatarts,RAILMag
bobcatarts,SyceGameEvents
bobcatarts,Kitsune18181
bobcatarts,BizzletheChef
bobcatarts,nullphy
bobcatarts,Taro_o_Japanese
bobcatarts,darealdibiase
bobcatarts,BWI_Airport
bobcatarts,NoMansShots
bobcatarts,ByChrisGordon
bobcatarts,cxtheproducer
bobcatarts,NoMansSky
bobcatarts,BIG_ISSUE_Japan
bobcatarts,frankiebwash
bobcatarts,LoriAnneBoocks
bobcatarts,ModernJapanesee
bobcatarts,bipa_jp
bobcatarts,bokksu
bobcatarts,forumeast_moto
bobcatarts,LeftoversLife
bobcatarts,sniper_karate
bobcatarts,venetae
bobcatarts,Avis_Scully
bobcatarts,PGPDNews
bobcatarts,senju_irezumi
bobcatarts,Grussle
bobcatarts,olivosartstudio
bobcatarts,KirstenWolfert
bobcatarts,mysteryjennie
bobcatarts,CycleGear
bobcatarts,dcyboi
bobcatarts,MaggieSensei
bobcatarts,japaneseammo
bobcatarts,asthemagpieflys
bobcatarts,customfront
bobcatarts,KazTsuruoka
bobcatarts,Bmwr65Take
bobcatarts,buimazinvmx1198
bobcatarts,ya_mrx
bobcatarts,artificerbrown
bobcatarts,ChevroletHarley
bobcatarts,summerhouse_dc
bobcatarts,shin_k4114
bobcatarts,gangstagrass
bobcatarts,utatanekakashi
bobcatarts,NewsInSlowJapan
bobcatarts,HondaPowersprts
bobcatarts,thetrillbillies
bobcatarts,LatinxSocUS
bobcatarts,13033303
bobcatarts,agatron1
bobcatarts,katsurasunshine
bobcatarts,PGCountyOEM
bobcatarts,CooperationJXN
bobcatarts,ewarren
bobcatarts,Dogen
bobcatarts,IrethFelagund
bobcatarts,sra_dc
bobcatarts,PrinceGeorgesMD
bobcatarts,democracyatwrk
bobcatarts,DJCrankDC
bobcatarts,hedgehog_kd
bobcatarts,mollywood
bobcatarts,kairyssdal
bobcatarts,adderguts
bobcatarts,robots_and_lace
bobcatarts,BarExamDMV
bobcatarts,AnarchoBob
bobcatarts,sakamotometal
bobcatarts,JRSilkySmoove
bobcatarts,production_coop
bobcatarts,HondaofCrofton
bobcatarts,KCran7
bobcatarts,byDVNLLN
bobcatarts,JSTA_Japanese
bobcatarts,BlackSocialists
bobcatarts,ace_miyazaki
bobcatarts,yoshi_shovel
bobcatarts,IGD_News
bobcatarts,SocialistRA
bobcatarts,nihongo_no_kai
bobcatarts,criscura
bobcatarts,kouhaiDC
bobcatarts,SHAOLINJAZZ
bobcatarts,PresidentGlover
bobcatarts,MDMEMA
bobcatarts,MDOTNews
bobcatarts,DexDynamo
bobcatarts,PartyOfOnePod
bobcatarts,FNACustomCycles
bobcatarts,opm_anime
bobcatarts,ONE_rakugaki
bobcatarts,Bction_freewall
bobcatarts,NEBU_KURO
bobcatarts,em_ebooks
bobcatarts,mentaldagod
bobcatarts,Blacmav
bobcatarts,rtobeats
bobcatarts,ScratchMagTV
bobcatarts,hillprop97
bobcatarts,NativeThreads
bobcatarts,factionoffools
bobcatarts,akokitamura
bobcatarts,colinhovde
bobcatarts,CONSTELLATIONDC
bobcatarts,StephDegenerate
bobcatarts,TeatroGALA
bobcatarts,TheatreLabDC
bobcatarts,GameWorkers
bobcatarts,ARToverNIGHT
bobcatarts,Antifa_HR
bobcatarts,arlmotorsports1
bobcatarts,WPFWDC
bobcatarts,kennakayv
bobcatarts,USPS
bobcatarts,startpoetryslam
bobcatarts,SpitDatDC
bobcatarts,BitterOldPunk
bobcatarts,Kiey
bobcatarts,UniteThePoor
bobcatarts,ngaio420
bobcatarts,HoodHedgeFunds
bobcatarts,MatchaTimeCafe
bobcatarts,StopCopTerrorDC
bobcatarts,ghost_things
bobcatarts,RefuGeekDMV
bobcatarts,ailinakalohe
bobcatarts,nprAudie
bobcatarts,mdc_dsa
bobcatarts,thingtoddlersay
bobcatarts,morrisdusk
bobcatarts,NWS_BaltWash
bobcatarts,DCist
bobcatarts,otakitty
bobcatarts,riritaki
bobcatarts,MDSHA
bobcatarts,PGCTNI
bobcatarts,capttomhughes
bobcatarts,AugensteinWTOP
bobcatarts,MDNRPolice
bobcatarts,IvePetThatDog
bobcatarts,DonnaTronna
bobcatarts,ZeroMC
bobcatarts,uralmotorcycles
bobcatarts,myGATEWAYARTS
bobcatarts,HyattsvilleCDC
bobcatarts,tonyhawk
bobcatarts,hyattsvillearts
bobcatarts,HvilleTimes
bobcatarts,FilledeStyx
bobcatarts,CowboyCatRanch
bobcatarts,Sorrowscopes
bobcatarts,Hamlet_Machine
bobcatarts,McJoberdeen
bobcatarts,Cultural_DC
bobcatarts,wokeimperialist
bobcatarts,ItsmeChrisWade
bobcatarts,sleepywaterbear
bobcatarts,aCreativeDC
bobcatarts,SquawkBrothers
bobcatarts,NASAWebb
bobcatarts,pmdevs
bobcatarts,wcruz73
bobcatarts,BrujaMosaic
bobcatarts,TiaNorfleet
bobcatarts,VividGallery
bobcatarts,DWRshow
bobcatarts,EiffelArt
bobcatarts,RebeccaJacksUK
bobcatarts,CherokeeCopper
bobcatarts,mondomascots
bobcatarts,TheEagleist
bobcatarts,gasolirium
bobcatarts,NortheastMaglev
bobcatarts,indepenguin
bobcatarts,DissentMag
bobcatarts,royalenfield
bobcatarts,DildineWTOP
bobcatarts,swear_trek
bobcatarts,CycleCruza
bobcatarts,thedogist
bobcatarts,ThunderBayTheat
bobcatarts,altonbrown
bobcatarts,illestratorNYC
bobcatarts,etherforth
bobcatarts,AMFC_Podcast
bobcatarts,B2Josh
bobcatarts,katherineukim
bobcatarts,PurpleLineMD
bobcatarts,lisamreist
bobcatarts,acceptablebones
bobcatarts,NBCJoshua
bobcatarts,DiamondMtrSprts
bobcatarts,SuzeSMASH
bobcatarts,FreeinDCBlog
bobcatarts,spetersendesign
bobcatarts,BlanchardBuds
bobcatarts,jbunchii
bobcatarts,BlueCollarDems
bobcatarts,GatoBuildings
bobcatarts,GrayWolfCraft
bobcatarts,RevDrBarber
bobcatarts,SofiaSyntaxx
bobcatarts,rays__helll
bobcatarts,haloagain
bobcatarts,pootimusprime
bobcatarts,tinysnails
bobcatarts,Mothergamer28
bobcatarts,OnePunchPorn
bobcatarts,lakotalaw
bobcatarts,Bodegacats_
bobcatarts,carcinogenny
bobcatarts,Rorkesaurus
bobcatarts,glitterandtrash
bobcatarts,michele_norris
bobcatarts,SameeInPhlox
bobcatarts,DemSocialists
bobcatarts,jussulent
bobcatarts,WNC_Wobbly
bobcatarts,corvidluvr
bobcatarts,TonyHighwind
bobcatarts,IBEW
bobcatarts,1a
bobcatarts,kyleczez
bobcatarts,RedBardIsCool
bobcatarts,iammoshow
bobcatarts,BugWithAPen
bobcatarts,DoTheFangirl
bobcatarts,AaronCatanoSaez
bobcatarts,FrankBritton
bobcatarts,OurFearlessHero
bobcatarts,suekichiii
bobcatarts,_MarieMoon_
bobcatarts,tatermaiden
bobcatarts,MatthewCFJones
bobcatarts,EmilyLubanko
bobcatarts,oversized_frog
bobcatarts,RikerGoogling
bobcatarts,vashaa_arts
bobcatarts,StarshipRecalls
bobcatarts,notsafeforcats
bobcatarts,evilbmcats
bobcatarts,casersatz
bobcatarts,Bootleg_Stuff
bobcatarts,justbolts
bobcatarts,paperbeatstweet
bobcatarts,TheZoneCast
bobcatarts,EastPurpleCity
bobcatarts,benswing
bobcatarts,StormShadowKwe
bobcatarts,TheCaesarOf6thS
bobcatarts,PGFDNews
bobcatarts,purplelinenow
bobcatarts,MFDOOM
bobcatarts,GeekeryDo
bobcatarts,M2Bulls
bobcatarts,vampricyoda
bobcatarts,sciencecomic
bobcatarts,PGCountyDPWT
bobcatarts,airby9
bobcatarts,UFCW
bobcatarts,GarciaINCIDENT
bobcatarts,davevaleza
bobcatarts,Nnamdikid
bobcatarts,sproutella
bobcatarts,LitterboxGold
bobcatarts,DCzinefest
bobcatarts,soltian_
bobcatarts,NativeTimes
bobcatarts,NASA
bobcatarts,draketypebeats
bobcatarts,notryan
bobcatarts,ProBirdRights
bobcatarts,WITimprov
bobcatarts,trulldc
bobcatarts,indianz
bobcatarts,oknolisten
bobcatarts,NPRinskeep
bobcatarts,ChefMartinYan
bobcatarts,tomsherwood
bobcatarts,JimmyTarlau
bobcatarts,Supamanhiphop
bobcatarts,Pixel__Sticks
bobcatarts,chefkatsuya
bobcatarts,digitalhustler
bobcatarts,RGinDC
bobcatarts,hiragananinja
bobcatarts,BrittSabo
bobcatarts,BunkHaus
bobcatarts,GnomesAreGood
bobcatarts,ShannonLeeMaker
bobcatarts,millennialpuzzl
bobcatarts,A_single_bear
bobcatarts,YellingForever
bobcatarts,saffronscarf
bobcatarts,lovezaku
bobcatarts,frankiesamba
bobcatarts,Ahvia
bobcatarts,PedroCortesGET
bobcatarts,zankoku_zen
bobcatarts,Nick_DeWolf
bobcatarts,ArtsWalkMSM
bobcatarts,AnIdealHusbando
bobcatarts,BlackViolin
bobcatarts,AndyKaylor
bobcatarts,alexzealand
bobcatarts,PicardTips
bobcatarts,tewibewi
bobcatarts,chiefbillbaker
bobcatarts,egtefilms
bobcatarts,spacekase
bobcatarts,LauraK205
bobcatarts,DrSketchysBmore
bobcatarts,HyugaRicdeau
bobcatarts,heykidzcomix
bobcatarts,CherokeeNC
bobcatarts,Daikayadc
bobcatarts,kmccoy
bobcatarts,CherokeePhoenix
bobcatarts,CherokeeNation
bobcatarts,marissasart
bobcatarts,Pancake_Disco
bobcatarts,Witty_Stagehand
bobcatarts,thedreamymoon
bobcatarts,demonpeach
bobcatarts,DrawingBoardSer
bobcatarts,GrainofSandDC
bobcatarts,ocicatsy
bobcatarts,langfordjazz
bobcatarts,ZaraLT
bobcatarts,donnisinmd
bobcatarts,TheJesseCohen
bobcatarts,OrganizedHand
bobcatarts,chris_suspect
bobcatarts,michaeldove
bobcatarts,Whisenant_J
bobcatarts,alexandrachiou
bobcatarts,NilsHenrik
bobcatarts,GuitarPickArt
bobcatarts,eastcityart
bobcatarts,AdmiralTurtle
bobcatarts,8492_Sqn_Leader
bobcatarts,danajeri
bobcatarts,doublewideart
bobcatarts,mikeroweworks
bobcatarts,MelanieGwynne
bobcatarts,WeldersDC
bobcatarts,DCStatePlayers
bobcatarts,bartlettbob
bobcatarts,TheBarrelhouse1
bobcatarts,TanukiMaki
bobcatarts,bluecorncomics
bobcatarts,etegamist
bobcatarts,artdc
bobcatarts,NCAI1944
bobcatarts,john_c_bailey
bobcatarts,danikacm
bobcatarts,IndianCountry
bobcatarts,TheJulieAnnM
bobcatarts,Rothermellon
bobcatarts,cguanche
bobcatarts,CornelWest
bobcatarts,BethYargici
bobcatarts,juancgarcia
bobcatarts,BillNye
bobcatarts,MsNeuroNerd
bobcatarts,levarburton
bobcatarts,jonrosenberg
bobcatarts,celineorelse
bobcatarts,SirPatStew
bobcatarts,julaface
bobcatarts,TSFC
bobcatarts,jonathansfrakes
bobcatarts,emmahvossen
bobcatarts,honeybrah
bobcatarts,derekbever
bobcatarts,ChristylezBacon
bobcatarts,blackendhonesty
bobcatarts,jbrinke0
bobcatarts,Gooj
bobcatarts,kendrawesome
bobcatarts,KindlingComic
bobcatarts,ShogunLunn
bobcatarts,gillianlea
bobcatarts,somethingbrave
bobcatarts,strigiformes
bobcatarts,Iguananaut
bobcatarts,Barbizon
bobcatarts,Academicare
bobcatarts,KGandyFrum
bobcatarts,dechanique
