icanseeclearlyo,TheAmandaGorman
icanseeclearlyo,POTUS
icanseeclearlyo,CoriBush
icanseeclearlyo,sarasidnerCNN
icanseeclearlyo,RonanFarrow
icanseeclearlyo,GregSederberg
icanseeclearlyo,anonymousman1
icanseeclearlyo,AllenLEllison
icanseeclearlyo,benandjerrys
icanseeclearlyo,HellenicLeaders
icanseeclearlyo,aaronhoyland
icanseeclearlyo,glennkirschner2
icanseeclearlyo,Nelba_MG
icanseeclearlyo,few_rebecca
icanseeclearlyo,DebHaalandNM
icanseeclearlyo,RBReich
icanseeclearlyo,MeetNYU
icanseeclearlyo,ArtsandScience
icanseeclearlyo,NYUGallatin
icanseeclearlyo,EmmettTill
icanseeclearlyo,JulianCastro
icanseeclearlyo,hey_alma
icanseeclearlyo,JanetYellen
icanseeclearlyo,JohnKerry
icanseeclearlyo,PeteButtigieg
icanseeclearlyo,CornellBirds
icanseeclearlyo,DrBiden
icanseeclearlyo,AndrewYang
icanseeclearlyo,jimmykimmel
icanseeclearlyo,ericschmidt
icanseeclearlyo,RonaldKlain
icanseeclearlyo,DouglasEmhoff
icanseeclearlyo,WhiteHouse
icanseeclearlyo,Oprah
icanseeclearlyo,maryjblige
icanseeclearlyo,CNN
icanseeclearlyo,VanJones68
icanseeclearlyo,katieporteroc
icanseeclearlyo,RepKatiePorter
icanseeclearlyo,maddogpac
icanseeclearlyo,ReverendWarnock
icanseeclearlyo,ossoff
icanseeclearlyo,fairfightaction
icanseeclearlyo,faircount
icanseeclearlyo,staceyabrams
icanseeclearlyo,yacd211
icanseeclearlyo,ElizabethLesser
icanseeclearlyo,taylorswift13
icanseeclearlyo,ladygaga
icanseeclearlyo,katyperry
icanseeclearlyo,nbcsnl
icanseeclearlyo,J_Mei21
icanseeclearlyo,meiselasb
icanseeclearlyo,BMeiselas
icanseeclearlyo,NorahODonnell
icanseeclearlyo,ewarren
icanseeclearlyo,DrDenaGrayson
icanseeclearlyo,drsanjaygupta
icanseeclearlyo,edutopia
icanseeclearlyo,JSerravallo
icanseeclearlyo,PolitiFact
icanseeclearlyo,NickBryantNY
icanseeclearlyo,civiceducator
icanseeclearlyo,luxurious_kaba
icanseeclearlyo,BreeNewsome
icanseeclearlyo,chfshirleychung
icanseeclearlyo,BravoTopChef
icanseeclearlyo,nina_compton
icanseeclearlyo,MasterChefTD
icanseeclearlyo,NickKnudsenUS
icanseeclearlyo,JimGaffigan
icanseeclearlyo,PDXEleven
icanseeclearlyo,letsplaymath
icanseeclearlyo,curious_math
icanseeclearlyo,ananavarro
icanseeclearlyo,robreiner
icanseeclearlyo,perlmutations
icanseeclearlyo,tomsietsema
icanseeclearlyo,StienstraTom
icanseeclearlyo,MarinSheriff
icanseeclearlyo,PamKeithFL
icanseeclearlyo,CREWcrew
icanseeclearlyo,BrennanCenter
icanseeclearlyo,TeachThought
icanseeclearlyo,EducatorsTech
icanseeclearlyo,AmazEdResources
icanseeclearlyo,AnkerMath
icanseeclearlyo,SpeakerPelosi
icanseeclearlyo,svdate
icanseeclearlyo,APWUnational
icanseeclearlyo,MaryLTrump
icanseeclearlyo,mmpadellan
icanseeclearlyo,HilaryGreen77
icanseeclearlyo,TheCCWH
icanseeclearlyo,kawulf
icanseeclearlyo,womnknowhistory
icanseeclearlyo,CCRE_bsc
icanseeclearlyo,connect4mation
icanseeclearlyo,WCKitchen
icanseeclearlyo,sheathescholar
icanseeclearlyo,zeldawilliams
icanseeclearlyo,alicekeeler
icanseeclearlyo,cultofpedagogy
icanseeclearlyo,GlobalMathDept
icanseeclearlyo,EdAntiRacism
icanseeclearlyo,eyeseeme
icanseeclearlyo,Flocabulary
icanseeclearlyo,brainpop
icanseeclearlyo,JillFilipovic
icanseeclearlyo,womensmediacntr
icanseeclearlyo,PPact
icanseeclearlyo,BitchMedia
icanseeclearlyo,MsMagazine
icanseeclearlyo,RepresentPledge
icanseeclearlyo,GloriaSteinem
icanseeclearlyo,jacksontkatz
icanseeclearlyo,JoeVogel_
icanseeclearlyo,MannyDiscoTech
icanseeclearlyo,jonathanvswan
icanseeclearlyo,AMSIschools
icanseeclearlyo,iamjohnoliver
icanseeclearlyo,marian_small
icanseeclearlyo,MollyJongFast
icanseeclearlyo,DanRather
icanseeclearlyo,Trevornoah
icanseeclearlyo,KaitMartin_1
icanseeclearlyo,PFHistory
icanseeclearlyo,ZinnEdProject
icanseeclearlyo,lmichalch
icanseeclearlyo,repjohnlewis
icanseeclearlyo,HC_Richardson
icanseeclearlyo,JuddApatow
icanseeclearlyo,DrJackieMrsHajd
icanseeclearlyo,tomcolicchio
icanseeclearlyo,WithMathICan
icanseeclearlyo,NCTM
icanseeclearlyo,mashupmath
icanseeclearlyo,joboaler
icanseeclearlyo,PamHarrisConsu1
icanseeclearlyo,ctfosnot
icanseeclearlyo,BreneBrown
icanseeclearlyo,eji_org
icanseeclearlyo,ColorOfChange
icanseeclearlyo,audrelorde
icanseeclearlyo,AntiracismCtr
icanseeclearlyo,SenWarren
icanseeclearlyo,donlemon
icanseeclearlyo,MelKitchenEDU
icanseeclearlyo,jaymctighe
icanseeclearlyo,AVindman
icanseeclearlyo,votevets
icanseeclearlyo,GeorgeTakei
icanseeclearlyo,rachsyme
icanseeclearlyo,RVAT2020
icanseeclearlyo,AOC
icanseeclearlyo,JoeBiden
icanseeclearlyo,chipfranklin
icanseeclearlyo,BerniceKing
icanseeclearlyo,UgoOnwuka
icanseeclearlyo,JessieNYC
icanseeclearlyo,ReallyAmerican1
icanseeclearlyo,Eleven_Films
icanseeclearlyo,JoyAnnReid
icanseeclearlyo,VP
icanseeclearlyo,pwharris
icanseeclearlyo,davestuartjr
icanseeclearlyo,SaraGideon
icanseeclearlyo,JoyceWhiteVance
icanseeclearlyo,donwinslow
icanseeclearlyo,BillMoyers
icanseeclearlyo,GOAlearning
icanseeclearlyo,RandyRainbow
icanseeclearlyo,Thehistoriansqu
icanseeclearlyo,NCSSNetwork
icanseeclearlyo,teachinghistory
icanseeclearlyo,StudentsofHist
icanseeclearlyo,mentalupEN
icanseeclearlyo,HenryLouisGates
icanseeclearlyo,MichelleObama
icanseeclearlyo,KeishaBlain
icanseeclearlyo,JasonReynolds83
icanseeclearlyo,Yamiche
icanseeclearlyo,nhannahjones
icanseeclearlyo,DrIbram
icanseeclearlyo,kaaauthor
icanseeclearlyo,bustle
icanseeclearlyo,victoriaalxndr
icanseeclearlyo,EmmanuelAcho
icanseeclearlyo,ProjectLincoln
icanseeclearlyo,MeidasTouch
icanseeclearlyo,RepMaxineWaters
icanseeclearlyo,TooCool4MS
icanseeclearlyo,JayShettyIW
icanseeclearlyo,sarahcpr
icanseeclearlyo,Flipgrid
icanseeclearlyo,dw_espanol
icanseeclearlyo,bbcmundo
icanseeclearlyo,chefjoseandres
icanseeclearlyo,JasonOverstreet
icanseeclearlyo,levarburton
icanseeclearlyo,Miyahoka
icanseeclearlyo,JMBooyah
icanseeclearlyo,jerrysaltz
icanseeclearlyo,amnesty
icanseeclearlyo,ONU_es
icanseeclearlyo,UNESCO_es
icanseeclearlyo,UNESCO
icanseeclearlyo,UNHumanRights
icanseeclearlyo,WHO
icanseeclearlyo,synchrochamps20
icanseeclearlyo,UN_Women
icanseeclearlyo,bimadew
icanseeclearlyo,CherylStrayed
icanseeclearlyo,svershbow
icanseeclearlyo,BehatiLife
icanseeclearlyo,hamiltonhall
icanseeclearlyo,MiekeEoyang
icanseeclearlyo,rgay
icanseeclearlyo,steve_leinwand
icanseeclearlyo,BarackObama
icanseeclearlyo,BrowerYouth
icanseeclearlyo,GretaThunberg
icanseeclearlyo,brhodes
icanseeclearlyo,IamSandraOh
icanseeclearlyo,leverhulmewhit
icanseeclearlyo,soledadobrien
icanseeclearlyo,KamalaHarris
icanseeclearlyo,PadmaLakshmi
icanseeclearlyo,washingtonpost
icanseeclearlyo,SecretFlying
icanseeclearlyo,BBCWorld
icanseeclearlyo,nytimes
icanseeclearlyo,Travelzoo
icanseeclearlyo,VirginAmerica
icanseeclearlyo,NPR
icanseeclearlyo,united
icanseeclearlyo,frugaltraveler
icanseeclearlyo,JetBlue
icanseeclearlyo,TheDailyShow
icanseeclearlyo,SouthwestAir
icanseeclearlyo,airfarewatchdog
MargieG67027617,ClimateEnvoy
MargieG67027617,journalsentinel
MargieG67027617,GammaReigh
MargieG67027617,Marston4ca42
MargieG67027617,WTF_Politics_
MargieG67027617,JoEvans58
MargieG67027617,eileen_horsham
MargieG67027617,SecondGentleman
MargieG67027617,NCMetsfan86
MargieG67027617,ahart_jan
MargieG67027617,BreakingNews
MargieG67027617,CNBC
MargieG67027617,TheFirstDogs
MargieG67027617,WhiteHouse
MargieG67027617,DemocracyDocket
MargieG67027617,Mister_Canada_
MargieG67027617,Wiley1The
MargieG67027617,WillSmithNH
MargieG67027617,commons96055467
MargieG67027617,JesseCharlesLee
MargieG67027617,davidcicilline
MargieG67027617,ubnsrvd
MargieG67027617,ChipChantry
MargieG67027617,BrunoAmato_1
MargieG67027617,nhannahjones
MargieG67027617,samstein
MargieG67027617,Unclegary9
MargieG67027617,rickgamesnow
MargieG67027617,protestpapi
MargieG67027617,Badgirlsbedhead
MargieG67027617,tooronlists
MargieG67027617,EVargasTV
MargieG67027617,narceducator
MargieG67027617,WokeTraveler
MargieG67027617,KFILE
MargieG67027617,jenreifu
MargieG67027617,emiliaclarke
MargieG67027617,TeaRoomBetty
MargieG67027617,Morning_Joe
MargieG67027617,dhmarsik
MargieG67027617,wildlandmike
MargieG67027617,Ffs_OMG
MargieG67027617,DBarkhuff
MargieG67027617,CBCAlerts
MargieG67027617,NBCNews
MargieG67027617,spinart7
MargieG67027617,brianefallon
MargieG67027617,kgrant1101
MargieG67027617,churchlady320
MargieG67027617,ann_neona
MargieG67027617,JuddLegum
MargieG67027617,PetraLockhart8
MargieG67027617,LloydAustin
MargieG67027617,HBO
MargieG67027617,NelsonforWI
MargieG67027617,NancDavis
MargieG67027617,Emaperidol
MargieG67027617,CatInAtree33
MargieG67027617,RTMannJr
MargieG67027617,DoodleNessa
MargieG67027617,MrIvankaTrump
MargieG67027617,PAVGOD
MargieG67027617,ngpaction
MargieG67027617,cooperhefner
MargieG67027617,Dangchick1
MargieG67027617,Amanda_incincy
MargieG67027617,OmarComing3
MargieG67027617,ToniC8
MargieG67027617,JudithSfoible
MargieG67027617,Sethrogen
MargieG67027617,KWsince89
MargieG67027617,kleemaier
MargieG67027617,ErgoResistere
MargieG67027617,freeloosedirt
MargieG67027617,GeoRebekah
MargieG67027617,JohnVetsResist1
MargieG67027617,TPete4ever
MargieG67027617,heathergtv
MargieG67027617,BonnieBlueBell1
MargieG67027617,TheGREATHoudin2
MargieG67027617,buddy_gizmo
MargieG67027617,ForRfb
MargieG67027617,NewsHour
MargieG67027617,JumptyTrumpty
MargieG67027617,Daisy_Goodtrbl
MargieG67027617,KellieADennis74
MargieG67027617,AnnaForFlorida
MargieG67027617,VAKnightStick
MargieG67027617,NikoLas_112
MargieG67027617,vickyyyf
MargieG67027617,Bob2A1959NYC
MargieG67027617,Kevvc12
MargieG67027617,mungonna8
MargieG67027617,jsher88888
MargieG67027617,funnybroad
MargieG67027617,bay_kindness
MargieG67027617,captmattj
MargieG67027617,cellafont3
MargieG67027617,bw71961
MargieG67027617,Jersey_Craig
MargieG67027617,VBullullard
MargieG67027617,AnnDavi87971634
MargieG67027617,daisymae31806
MargieG67027617,lucilleaustero2
MargieG67027617,sampson_dog
MargieG67027617,BrandiTheBoo
MargieG67027617,TimAlberta
MargieG67027617,QuancyClayborne
MargieG67027617,knitgrrl
MargieG67027617,jrpsaki
MargieG67027617,TheRealDWoo
MargieG67027617,BidenInaugural
MargieG67027617,OregonProgress
MargieG67027617,jmpalmieri
MargieG67027617,EAlexander332
MargieG67027617,Davidlaz
MargieG67027617,DemNevada
MargieG67027617,KBeds
MargieG67027617,RubyMcrae
MargieG67027617,ForOglesby
MargieG67027617,jordynamandaa
MargieG67027617,navajodephealth
MargieG67027617,SEIU1199NW
MargieG67027617,drdavidmichaels
MargieG67027617,ChampneyLisa
MargieG67027617,9lives2
MargieG67027617,JaredPushner
MargieG67027617,LesHailYes
MargieG67027617,DukeHomer
MargieG67027617,LiberatedMiss
MargieG67027617,davidhogg111
MargieG67027617,mmass214
MargieG67027617,karenbuc1
MargieG67027617,ImMissAdorable
MargieG67027617,joepoliticsmerc
MargieG67027617,KissMeAgain99
MargieG67027617,DanielEBennett
MargieG67027617,Jerri_Lynn25
MargieG67027617,mariana057
MargieG67027617,PaulHansto
MargieG67027617,DonLew87
MargieG67027617,PetraMcCarron2
MargieG67027617,GovRidge
MargieG67027617,ILInationhood
MargieG67027617,Liberal__AF
MargieG67027617,HueyPNewton13
MargieG67027617,MarleyResists
MargieG67027617,SusanOMalley18
MargieG67027617,Veronicaromm
MargieG67027617,ssaiyan777_joe
MargieG67027617,SuzMcBrideBooks
MargieG67027617,JohnKerry
MargieG67027617,allikins78
MargieG67027617,HartwichLaw
MargieG67027617,albertksfong1
MargieG67027617,ABlinken
MargieG67027617,ShuriResists
MargieG67027617,shades_dirty
MargieG67027617,SCOTUSblog
MargieG67027617,Lucy37644823
MargieG67027617,thenuttybroker
MargieG67027617,idew2
MargieG67027617,NWO_Watcher
MargieG67027617,GOPabomination
MargieG67027617,julianpopov
MargieG67027617,TiggsAKAClaudia
MargieG67027617,ScottMStedman
MargieG67027617,CoriBush
MargieG67027617,WilmaBenton19
MargieG67027617,204queen0574
MargieG67027617,Florida_Rising
MargieG67027617,FozzieBear88
MargieG67027617,AmyEGardner
MargieG67027617,JamesFLoveIV
MargieG67027617,AJDelgado13
MargieG67027617,MaraGay
MargieG67027617,Paiyslee
MargieG67027617,tsjwaffle
MargieG67027617,DuanePiersonTW
MargieG67027617,TG22110
MargieG67027617,CHueyBurns
MargieG67027617,Robin_Blue19
MargieG67027617,PTwantsJustice
MargieG67027617,johnlundin
MargieG67027617,sharkyrae
MargieG67027617,VforVictory46
MargieG67027617,rmayemsinger
MargieG67027617,starsofsound
MargieG67027617,iamLucretiaMott
MargieG67027617,Sallybucket259
MargieG67027617,EdwardNorton
MargieG67027617,KMark1969
MargieG67027617,HeidiNBC
MargieG67027617,Grabsback2
MargieG67027617,mattmanaz
MargieG67027617,liberalgoddess
MargieG67027617,Frank61pc
MargieG67027617,StellaParton
MargieG67027617,hippie_woman
MargieG67027617,kurtbardella
MargieG67027617,usa_in_beijing
MargieG67027617,grumpy_grannie
MargieG67027617,Merrirrro
MargieG67027617,Shaddow13
MargieG67027617,AngryEagleFann
MargieG67027617,BCMatth
MargieG67027617,ShannyGasm
MargieG67027617,maxwelltani
MargieG67027617,PauleyTeeks
MargieG67027617,DGComedy
MargieG67027617,carriecordero
MargieG67027617,SenTinaSmith
MargieG67027617,sassy_swift
MargieG67027617,ChaplainheArt
MargieG67027617,BrieforNevada
MargieG67027617,RepDebDingell
MargieG67027617,VeganSueInVegas
MargieG67027617,Twitter
MargieG67027617,anneapplebaum
MargieG67027617,Tarquin_Helmet
MargieG67027617,TrumpsTaxes
MargieG67027617,BillPascrell
MargieG67027617,JesseLehrich
MargieG67027617,BlueR00n
MargieG67027617,pixienic
MargieG67027617,dahlia1027
MargieG67027617,ConservBlue2020
MargieG67027617,sadmonsters
MargieG67027617,wildwarriors
MargieG67027617,PalominoPony
MargieG67027617,September_Pope
MargieG67027617,MsJuneDiane
MargieG67027617,sanzibuff
MargieG67027617,maxwellsmm46
MargieG67027617,ZEphotographic
MargieG67027617,MTC_CO
MargieG67027617,Jukehorse50
MargieG67027617,PatrikOpacic
MargieG67027617,M_Bennett9
MargieG67027617,RudyColludey
MargieG67027617,DrWernerKlopek
MargieG67027617,LindyDeKoven
MargieG67027617,LoriRosenberg57
MargieG67027617,bobbitz57
MargieG67027617,MySpecialAngelz
MargieG67027617,KiKiPosting
MargieG67027617,JacquiGautreaux
MargieG67027617,jmeacham
MargieG67027617,Asweetdiversion
MargieG67027617,NanM369
MargieG67027617,VeePrincipal
MargieG67027617,KellyKozlow
MargieG67027617,romanmars
MargieG67027617,Rick__Roller
MargieG67027617,mom_gypsy
MargieG67027617,HonorJustLoyal
MargieG67027617,StockwellJG
MargieG67027617,snowmanomics
MargieG67027617,CBCNews
MargieG67027617,RealRonHoward
MargieG67027617,BillyCrystal
MargieG67027617,NarvanenTom
MargieG67027617,nursekelsey
MargieG67027617,THEONLYRNKATE
MargieG67027617,cptnwtrpnts
MargieG67027617,Politidope
MargieG67027617,amandacarpenter
MargieG67027617,PeterAlexander
MargieG67027617,J21O
MargieG67027617,VoLinxx
MargieG67027617,semperdiced
MargieG67027617,nanelvisfan
MargieG67027617,rezaaslan
MargieG67027617,EsoOrc
MargieG67027617,McGingerdwarf
MargieG67027617,thor4_thor
MargieG67027617,PoliticusSarah
MargieG67027617,jamesgillian01
MargieG67027617,iamdanlevey
MargieG67027617,whoulooknat
MargieG67027617,WhoaBlackBetty5
MargieG67027617,DaSkrambledEgg
MargieG67027617,charley_ck14
MargieG67027617,redbuddhadojo
MargieG67027617,JustMyTweet
MargieG67027617,agriegelis1975
MargieG67027617,HoosierMamaTags
MargieG67027617,sportsfan926
MargieG67027617,Darth_Pingu
MargieG67027617,KarmaCorona
MargieG67027617,Anythingpork
MargieG67027617,MrRaceBannon
MargieG67027617,DC_PoliceDogs
MargieG67027617,theFOALGroup
MargieG67027617,K9Finn
MargieG67027617,RonaldKlain
MargieG67027617,jan35y
MargieG67027617,strychninelove
MargieG67027617,MichaelCAdams3
MargieG67027617,GrassrootsSpeak
MargieG67027617,TonyShnark
MargieG67027617,California_Vic_
MargieG67027617,avenaim
MargieG67027617,KamahlAJE
MargieG67027617,RepMikeRogers
MargieG67027617,kirkacevedo
MargieG67027617,covie_93
MargieG67027617,sloyoroll01973
MargieG67027617,ellenc53
MargieG67027617,harrylitman
MargieG67027617,elle_vader
MargieG67027617,Mumbles551
MargieG67027617,JoshShapiroPA
MargieG67027617,andwerth
MargieG67027617,KathyBusanic
MargieG67027617,VET_TYHALL
MargieG67027617,mickieg14
MargieG67027617,NihilisticGOP
MargieG67027617,TimfromDa70s
MargieG67027617,betsy_klein
MargieG67027617,JackBear62
MargieG67027617,jloware
MargieG67027617,rossi4va
MargieG67027617,thekoreanvegan
MargieG67027617,quizquest
MargieG67027617,Msdesignerlady
MargieG67027617,macantone
MargieG67027617,AlecBaldwin
MargieG67027617,JaredEMoskowitz
MargieG67027617,RetireMarco
MargieG67027617,drumrjoe
MargieG67027617,ScottMorrisonMP
MargieG67027617,HannaLiubakova
MargieG67027617,KamauMandela
MargieG67027617,MichaelHallman4
MargieG67027617,eagle_ascending
MargieG67027617,ErieNotEerie
MargieG67027617,genuineleaders
MargieG67027617,Northofwestward
MargieG67027617,swear_trek
MargieG67027617,danhett
MargieG67027617,designsbycary
MargieG67027617,gce2308
MargieG67027617,THinterseer
MargieG67027617,NickBInCO
MargieG67027617,RebornUnicorn1
MargieG67027617,gabrielsherman
MargieG67027617,johnbufford
MargieG67027617,erickmsanchez
MargieG67027617,4everClaire
MargieG67027617,AMER_WE_CAN
MargieG67027617,JrHollis60
MargieG67027617,soyjg619
MargieG67027617,MickJagger
MargieG67027617,GarrettHaake
MargieG67027617,CasaArcilla
MargieG67027617,Blacklace40
MargieG67027617,BayNavig8r
MargieG67027617,brooklynmutt
MargieG67027617,MichaelSteele
MargieG67027617,GotJanie
MargieG67027617,Michael_Bell_
MargieG67027617,jvinette35
MargieG67027617,wcbuecker
MargieG67027617,jighost22
MargieG67027617,TruthProf99
MargieG67027617,HawkeyeResists
MargieG67027617,catherinerusse2
MargieG67027617,SheilaDFerguson
MargieG67027617,Lesdoggg
MargieG67027617,_DCHealth
MargieG67027617,keithlnagy
MargieG67027617,Tingaling007
MargieG67027617,nudog71
MargieG67027617,Jessicam6946
MargieG67027617,AymanM
MargieG67027617,TheRaDR
MargieG67027617,celticcarver
MargieG67027617,DoreenL53510887
MargieG67027617,RumorReese
MargieG67027617,canadian_cousin
MargieG67027617,malcolmkenyatta
MargieG67027617,DocCbeidson
MargieG67027617,pscorndog
MargieG67027617,Prison4Trump
MargieG67027617,sleepyraposa
MargieG67027617,JohnnyCurly
MargieG67027617,HolisticPsy1
MargieG67027617,poettreevines
MargieG67027617,Sarcasm4every1
MargieG67027617,AngryInAGoodWay
MargieG67027617,FerrazzanoJay
MargieG67027617,stucam7771
MargieG67027617,rosebud3606
MargieG67027617,aSinister
MargieG67027617,DarkMoneyDT
MargieG67027617,PoPville
MargieG67027617,jaxinn
MargieG67027617,Just_ReneaR
MargieG67027617,StevieVanZandt
MargieG67027617,CatRivendell
MargieG67027617,TeriDiperna
MargieG67027617,scarlettrabe
MargieG67027617,PeabodyA
MargieG67027617,nathalie_mirza
MargieG67027617,VoteForTed2020
MargieG67027617,DruniHeidi
MargieG67027617,Davidsannie4
MargieG67027617,WinWithJMC
MargieG67027617,bigrigsusa
MargieG67027617,ltgrusselhonore
MargieG67027617,AtlanticCanuck
MargieG67027617,BuddJenn
MargieG67027617,PepePierce
MargieG67027617,BGEAC
MargieG67027617,CeeHawk
MargieG67027617,jazmyndorsett
MargieG67027617,samthielman
MargieG67027617,AnIllicitWriter
MargieG67027617,KrazyKatbot
MargieG67027617,BSheepleherder
MargieG67027617,AllenLEllison
MargieG67027617,RobinRoberts
MargieG67027617,PapaPca32
MargieG67027617,WindsorMann
MargieG67027617,tokitaeII
MargieG67027617,TAPSTRIMEDIA
MargieG67027617,RepLamar
MargieG67027617,AaronParnas
MargieG67027617,sehartg
MargieG67027617,vermontgmg
MargieG67027617,ilyseh
MargieG67027617,RubenGallego
MargieG67027617,jakkiisaid
MargieG67027617,sprbrighting
MargieG67027617,delriz4
MargieG67027617,Biden20202024
MargieG67027617,preptodye
MargieG67027617,britttami
MargieG67027617,ColinHanks
MargieG67027617,skiermichael
MargieG67027617,IdahoRoadapple
MargieG67027617,RolndKarl
MargieG67027617,srobertson0726
MargieG67027617,Addiemw
MargieG67027617,GurbachDavid
MargieG67027617,Delavegalaw
MargieG67027617,PaulCogan
MargieG67027617,Willysgurl1
MargieG67027617,CoreyGimbel
MargieG67027617,GuyRemorganised
MargieG67027617,AaronDFordNV
MargieG67027617,DenerealVisease
MargieG67027617,nancy_pignataro
MargieG67027617,preising
MargieG67027617,22AngieMarie22
MargieG67027617,realLexPowell
MargieG67027617,link_dennis7467
MargieG67027617,Holiday1326
MargieG67027617,Craig_A_Spencer
MargieG67027617,JoyceGriggs2022
MargieG67027617,kcarlin25
MargieG67027617,AdamTexDavis
MargieG67027617,GinnyGrant1
MargieG67027617,__CarpeDiem__3
MargieG67027617,Dwick05343104
MargieG67027617,OpnSrceElements
MargieG67027617,leeleeb50
MargieG67027617,LunaLuvgood2020
MargieG67027617,SunrizeSmoker
MargieG67027617,LuciaRendn4
MargieG67027617,DeidreDykes
MargieG67027617,stephenszczerba
MargieG67027617,unruh_jean
MargieG67027617,DanielP58009529
MargieG67027617,Thrones_Memes
MargieG67027617,Jenhatestrump81
MargieG67027617,fake_biden
MargieG67027617,jacobsoboroff
MargieG67027617,setochungster
MargieG67027617,mintimm
MargieG67027617,DrRupaMarya
MargieG67027617,PramilaJayapal
MargieG67027617,CYMRUAmerican
MargieG67027617,MichelleWKwan
MargieG67027617,VivaLaShan
MargieG67027617,KarenLJ71
MargieG67027617,History_Robin
MargieG67027617,mama_c2
MargieG67027617,ElectJavier
MargieG67027617,Merciless365
MargieG67027617,Rogers4Texas
MargieG67027617,PegLulu2
MargieG67027617,PeteSouza
MargieG67027617,kellyconcedes
MargieG67027617,Julius_Kim
MargieG67027617,MatthewWolfff
MargieG67027617,JimByersTravel
MargieG67027617,cindycrum
MargieG67027617,SenJeffMerkley
MargieG67027617,DemocratsCare
MargieG67027617,darinhenderson
MargieG67027617,superparentx4
MargieG67027617,VJShordee444
MargieG67027617,MrsVance5
MargieG67027617,collectmmnt
MargieG67027617,IndependentPat5
MargieG67027617,jefftimmer
MargieG67027617,JBWolfsthal
MargieG67027617,SexyBrainFood
MargieG67027617,HiJCP
MargieG67027617,RyanSarai1
MargieG67027617,Bonnie11720402
MargieG67027617,apoxalyps1
MargieG67027617,counterchekist
MargieG67027617,SenWhitehouse
MargieG67027617,BIGIRVSATX1
MargieG67027617,NorskLadyWolf
MargieG67027617,alwaysvigilent
MargieG67027617,BlackWidow_WF
MargieG67027617,bigredju
MargieG67027617,overallthiscrap
MargieG67027617,rhiles2760
MargieG67027617,catsrule0000
MargieG67027617,msanonymousme
MargieG67027617,JamiWoodman1
MargieG67027617,LucyHarrizon
MargieG67027617,KimsMom3
MargieG67027617,priteshgandhimd
MargieG67027617,TeamAmyMcGrath
MargieG67027617,IAmMattMcKenzie
MargieG67027617,Darlazas
MargieG67027617,johntalsr
MargieG67027617,TeamEleni
MargieG67027617,MOsborneCT
MargieG67027617,danmicovic
MargieG67027617,TinaSmithMN
MargieG67027617,theautismdad
MargieG67027617,allcurledup
MargieG67027617,Slapout4
MargieG67027617,Well1la
MargieG67027617,RonSteslow
MargieG67027617,DearDean22
MargieG67027617,Shoqq
MargieG67027617,alvasvoboda
MargieG67027617,NathanRich
MargieG67027617,CEdininny
MargieG67027617,lucymcbath
MargieG67027617,ImpeachTrump012
MargieG67027617,Dobieblue
MargieG67027617,innerspacegirl
MargieG67027617,MyraSlotnick
MargieG67027617,wahlstedt007
MargieG67027617,chrisehyman
MargieG67027617,QasimRashid
MargieG67027617,RavMABAY
MargieG67027617,PamalamaDing
MargieG67027617,djbsuffolk
MargieG67027617,Fawful81
MargieG67027617,justinhendrix
MargieG67027617,sandra_larson7
MargieG67027617,Sexy_kittykat13
MargieG67027617,DrLindaMD
MargieG67027617,okourgiantakis
MargieG67027617,BackBackBay
MargieG67027617,lovineleven
MargieG67027617,Rebekahneeds420
MargieG67027617,fohtohgirl
MargieG67027617,DavidDickelman
MargieG67027617,fearthetoby
MargieG67027617,agentemurph
MargieG67027617,rossjon
MargieG67027617,karebear0517
MargieG67027617,maryderrickart
MargieG67027617,AJ_Indiana
MargieG67027617,Kenner1234
MargieG67027617,BFriedmanDC
MargieG67027617,mhenson56
MargieG67027617,lpryanovichcom2
MargieG67027617,firedriver741
MargieG67027617,mantueffel
MargieG67027617,Strongeaspoop
MargieG67027617,frizzy_ghost
MargieG67027617,EdnotScott
MargieG67027617,danielsogay
MargieG67027617,bannerite
MargieG67027617,GreyBull4WY
MargieG67027617,MikePenceFly
MargieG67027617,BeckyGerber5
MargieG67027617,bshorhozer
MargieG67027617,kaythird
MargieG67027617,shutterdove
MargieG67027617,kyle_teamjoe
MargieG67027617,JCLRRA
MargieG67027617,vankapro
MargieG67027617,LoveExpands
MargieG67027617,GreggJarrett
MargieG67027617,ACampaNajjar
MargieG67027617,USANewsAgency
MargieG67027617,rajkopz
MargieG67027617,badbitchinaz
MargieG67027617,spokaneco8_3711
MargieG67027617,HemiHimalayan
MargieG67027617,HeatherBarmore
MargieG67027617,reglarge777
MargieG67027617,limolady311
MargieG67027617,DurangoEagle1
MargieG67027617,NachoProfessor2
MargieG67027617,ReneeAlida
MargieG67027617,PatinkinMandy
MargieG67027617,DennisPCrawford
MargieG67027617,robertjdenault
MargieG67027617,js26783_joe
MargieG67027617,zimraniaxy
MargieG67027617,palazzo214
MargieG67027617,JackiSchechner
MargieG67027617,Dr_Lee_vil
MargieG67027617,i_r_kerin99999
MargieG67027617,JasonKander
MargieG67027617,chilly_willy_jr
MargieG67027617,yayajody
MargieG67027617,hierophantess
MargieG67027617,DrPhillipsMD
MargieG67027617,hwm1319
MargieG67027617,LosAngeles1850
MargieG67027617,CatherineResist
MargieG67027617,Dknight10k
MargieG67027617,jstmeinmo
MargieG67027617,litehausgirl530
MargieG67027617,OperationMAGA
MargieG67027617,stuartpstevens
MargieG67027617,rryancc
MargieG67027617,BlondeScientist
MargieG67027617,tangazo
MargieG67027617,ACShilton
MargieG67027617,darlafoisy
MargieG67027617,HCarolewheeler
MargieG67027617,jcgfrippout
MargieG67027617,FrankSowa1
MargieG67027617,MaribellaTiTi
MargieG67027617,AlanMCohn
MargieG67027617,AblueUs
MargieG67027617,Blue_Texas2020
MargieG67027617,MyChele_Larson
MargieG67027617,Ilozue716
MargieG67027617,mpiatt3
MargieG67027617,mcdonnell_pete
MargieG67027617,DRSIII
MargieG67027617,IvePetThatDog
MargieG67027617,christychristna
MargieG67027617,suzieq861
MargieG67027617,kherm14
MargieG67027617,donnakami
MargieG67027617,MrTeddyTedster
MargieG67027617,AdjunctDespot
MargieG67027617,afghanvet
MargieG67027617,WDCreports
MargieG67027617,efern63
MargieG67027617,NetworkJunkyz
MargieG67027617,subzerov690
MargieG67027617,JenniferJJacobs
MargieG67027617,AmandaStandish6
MargieG67027617,FirenzeMike
MargieG67027617,TheBlueGem3
MargieG67027617,JeronimoSaldana
MargieG67027617,RonThayer3
MargieG67027617,sapphiresdust
MargieG67027617,ProudDem83
MargieG67027617,WaltRabinoff
MargieG67027617,TVietor08
MargieG67027617,Buddyz_FJ
MargieG67027617,LeaKThompson
MargieG67027617,MarkHarrisNYC
MargieG67027617,dyrdaisy
MargieG67027617,lmccc6
MargieG67027617,dscc
MargieG67027617,dccc
MargieG67027617,DWStweets
MargieG67027617,FlaDems
MargieG67027617,DWPippy
MargieG67027617,MelaniePutz
MargieG67027617,moberzan
MargieG67027617,p3R1n01D
MargieG67027617,RFSUvegancondom
MargieG67027617,AdrienneWrites
MargieG67027617,johncusack
MargieG67027617,BrettPransky
MargieG67027617,MBenDavid2020
MargieG67027617,DefNotDorothy
MargieG67027617,Pattihatestrump
MargieG67027617,BrenWeber
MargieG67027617,richard_littler
MargieG67027617,portarican_RT
MargieG67027617,TweetiepieHawly
MargieG67027617,bryan_johnsen
MargieG67027617,BrianaOconnelly
MargieG67027617,5_2blue
MargieG67027617,TUSK81
MargieG67027617,CantStandya2018
MargieG67027617,masiragz
MargieG67027617,saramacc
MargieG67027617,BattlecorgiG
MargieG67027617,AmyAThatcher
MargieG67027617,NicolasEdny
MargieG67027617,chrisjollyhale
MargieG67027617,tobymorton
MargieG67027617,KenJennings
MargieG67027617,JulieGunnigle
MargieG67027617,JCarrollFoy
MargieG67027617,RepSylviaGarcia
MargieG67027617,river_mayor
MargieG67027617,zachbushaala
MargieG67027617,CharlesFinch
MargieG67027617,GabbieKDrice
MargieG67027617,martinlemelle
MargieG67027617,DariusOperaBuff
MargieG67027617,TherealMcKay3
MargieG67027617,AMPMTALK
MargieG67027617,fightinsTs
MargieG67027617,YouTube
MargieG67027617,bobhasdogsagain
MargieG67027617,SeditionTrump
MargieG67027617,Marina_Sirtis
MargieG67027617,PatrickLogicman
MargieG67027617,DrJayMiller1
MargieG67027617,MiMiC_to1
MargieG67027617,JessicaAW32
MargieG67027617,MDPAnews
MargieG67027617,CarmenSisRice
MargieG67027617,Fan4111
MargieG67027617,donna_spackman
MargieG67027617,rufuswainwright
MargieG67027617,FBIWFO
MargieG67027617,atouchofsnark
MargieG67027617,BenSalango
MargieG67027617,Gilroyo
MargieG67027617,marcushjohnson
MargieG67027617,JMacsweyn
MargieG67027617,DrEricDing
MargieG67027617,dabg
MargieG67027617,KIKI_SRQUS
MargieG67027617,kasie
MargieG67027617,SueMassa256
MargieG67027617,molly_knight
MargieG67027617,LynnSharig8
MargieG67027617,guano_col
MargieG67027617,dabnet2dabnet
MargieG67027617,HanianEmpress
MargieG67027617,SnakeBadAss
MargieG67027617,Meidas_Kelly
MargieG67027617,RetroCrone
MargieG67027617,RichardClip
MargieG67027617,JodiJFrey
MargieG67027617,BrizzyVoices
MargieG67027617,dcjanfan
MargieG67027617,ReportsDaNews
MargieG67027617,KimmyMonte
MargieG67027617,Ojeda4America
MargieG67027617,Brokenstill50
MargieG67027617,SymoneDSanders
MargieG67027617,marceelias
MargieG67027617,kerrywashington
MargieG67027617,JenaGriswold
MargieG67027617,CelesteforAR
MargieG67027617,RepairRepublic
MargieG67027617,LisadJn37
MargieG67027617,PaulWingard5
MargieG67027617,mstone1104
MargieG67027617,atdavidhoffman
MargieG67027617,CajunBlueAZ1
MargieG67027617,timjhogan
MargieG67027617,JohnNyetrae
MargieG67027617,jessie4324
MargieG67027617,Jill_Harvey51
MargieG67027617,RockTheVote
MargieG67027617,JoeAllenNYC
MargieG67027617,PattiLuPone
MargieG67027617,rsmale
MargieG67027617,LJGaucho
MargieG67027617,genecowan
MargieG67027617,twoarmsfull
MargieG67027617,DParent49883464
MargieG67027617,blue_proton
MargieG67027617,CT_Bergstrom
MargieG67027617,ssddabtd
MargieG67027617,StompTheGOP
MargieG67027617,NYCDemocrat318
MargieG67027617,brewnear
MargieG67027617,timkaine
MargieG67027617,InTheNoosphere
MargieG67027617,brooklynmarie
MargieG67027617,aparis5150
MargieG67027617,RomeoLima81
MargieG67027617,meganmesserly
MargieG67027617,RalstonReports
MargieG67027617,PolitiCatGeorge
MargieG67027617,bearvier
MargieG67027617,Pee4Putin
MargieG67027617,Welch_tx
MargieG67027617,ATSD
MargieG67027617,ahlers_dan
MargieG67027617,AimeeNTPC
MargieG67027617,missmelissjoy
MargieG67027617,BeauWillimon
MargieG67027617,keithboykin
MargieG67027617,LisaTalmadge
MargieG67027617,vrjrdgstknng
MargieG67027617,getyourballot
MargieG67027617,LaurieSpivak
MargieG67027617,AppalledVoter1
MargieG67027617,DocGreeves
MargieG67027617,leapie454
MargieG67027617,GebbettMartin
MargieG67027617,Lewisporte1
MargieG67027617,BirlingChristy
MargieG67027617,PaulLittlecul
MargieG67027617,NWPinPDX
MargieG67027617,canadians_trump
MargieG67027617,bfbuschi
MargieG67027617,Jgo2063
MargieG67027617,trawetsla
MargieG67027617,Patrice_Brost1
MargieG67027617,KenLWaite
MargieG67027617,BeckyBunzy
MargieG67027617,PunkResists
MargieG67027617,maramcewin
MargieG67027617,PhyllisSilver
MargieG67027617,DrTonySFauci
MargieG67027617,GoodRobinHood
MargieG67027617,TrueFactsStated
MargieG67027617,Detroit_Hoser
MargieG67027617,kyledcheney
MargieG67027617,Vancbromycin
MargieG67027617,zybbed
MargieG67027617,irishrygirl
MargieG67027617,Taniel
MargieG67027617,NancySinatra
MargieG67027617,Tomthejoybomber
MargieG67027617,uche_blackstock
MargieG67027617,usambovu
MargieG67027617,danielpierce_98
MargieG67027617,Darla_jimswife
MargieG67027617,jglodek
MargieG67027617,suzannebuzz
MargieG67027617,TJCChicago
MargieG67027617,CWolfe76
MargieG67027617,pablo_honey1
MargieG67027617,HCookAustin
MargieG67027617,rorosaunt
MargieG67027617,colinforchange
MargieG67027617,ErinBrockovich
MargieG67027617,Ang_S2019
MargieG67027617,ninaandtito
MargieG67027617,ClearlyLock
MargieG67027617,tizzywoman
MargieG67027617,samicat1982
MargieG67027617,PopularPuppies
MargieG67027617,mhdksafa
MargieG67027617,deleon_sue
MargieG67027617,trw8511
MargieG67027617,Di_719
MargieG67027617,AliceEvansGruff
MargieG67027617,keith3048
MargieG67027617,Snishaa2
MargieG67027617,AnonScan
MargieG67027617,Credico2016
MargieG67027617,58bugeye
MargieG67027617,DBvelin
MargieG67027617,mimiiammine
MargieG67027617,RENOBOXER
MargieG67027617,NEpats86
MargieG67027617,BomereyG
MargieG67027617,joeytir
MargieG67027617,Eddiiiiiiie_
MargieG67027617,LadyJayPersists
MargieG67027617,Paul_Is_Muadib
MargieG67027617,njtunesmith
MargieG67027617,HawaiiDelilah
MargieG67027617,TAAP2020
MargieG67027617,kdivies1
MargieG67027617,Meidas_Wendy
MargieG67027617,meiselasb
MargieG67027617,Surabees
MargieG67027617,kyleruggles
MargieG67027617,LockjawVerity
MargieG67027617,ladydi1980
MargieG67027617,PaigeBMacdonald
MargieG67027617,Wembeley
MargieG67027617,GwenGraham
MargieG67027617,Martina
MargieG67027617,EGMatthews
MargieG67027617,AnimalsWorId
MargieG67027617,PeteMc_Fitness
MargieG67027617,reginacalabrese
MargieG67027617,SenatorDurbin
MargieG67027617,RedGray
MargieG67027617,gaiasjourney
MargieG67027617,nikoxwh
MargieG67027617,ovesvein
MargieG67027617,DJTtwatwaffle
MargieG67027617,EddieKazels
MargieG67027617,vikenistic
MargieG67027617,bloretta561
MargieG67027617,Mia4MD
MargieG67027617,sazzygram3
MargieG67027617,Me1rose6
MargieG67027617,JenGranholm
MargieG67027617,mawmaw1158
MargieG67027617,Denise070760951
MargieG67027617,rocknsj
MargieG67027617,BindiIrwin
MargieG67027617,Chris4Perkins
MargieG67027617,Stanzyck1
MargieG67027617,joshrogin
MargieG67027617,SALT461
MargieG67027617,_ChanandlerB_
MargieG67027617,mgoetzke
MargieG67027617,WalkawayR
MargieG67027617,bellalilli16
MargieG67027617,SOliver2020
MargieG67027617,StevenBeynon
MargieG67027617,DawnDodge8
MargieG67027617,Hbobrow1Hbobrow
MargieG67027617,FPWellman
MargieG67027617,ungerbn103
MargieG67027617,blculbre
MargieG67027617,SueBran799
MargieG67027617,stepht93
MargieG67027617,nixw20
MargieG67027617,CaslonRichard
MargieG67027617,hcesd
MargieG67027617,GovHowardDean
MargieG67027617,howyougetants7
MargieG67027617,HashtagRoundup
MargieG67027617,dadohead
MargieG67027617,gary17892053
MargieG67027617,JenTusch
MargieG67027617,WiseAthena55
MargieG67027617,daralynn13
MargieG67027617,iamjimkelly
MargieG67027617,HillaryMueri
MargieG67027617,animal0lovers
MargieG67027617,people_r_nuts
MargieG67027617,garyfike
MargieG67027617,sharonstuder1
MargieG67027617,SubyGurl
MargieG67027617,Onlimoi
MargieG67027617,WedsGee
MargieG67027617,LisaSeaman8
MargieG67027617,TomthunkitsMind
MargieG67027617,BridgetPhetasy
MargieG67027617,linda_lindylou
MargieG67027617,MMcAvaney
MargieG67027617,Sony12Play
MargieG67027617,AllnattCapista
MargieG67027617,57stratreissue
MargieG67027617,CoryBooker
MargieG67027617,CuomoPrimeTime
MargieG67027617,morgfair
MargieG67027617,pubtheologian
MargieG67027617,NoseBrothers5
MargieG67027617,MeliMels99
MargieG67027617,AngryBlackLady
MargieG67027617,52fairway
MargieG67027617,BeMoreLikeSteve
MargieG67027617,andrealinlin77
MargieG67027617,jeffblack945
MargieG67027617,EileenMarieSar1
MargieG67027617,Five_No_Trump
MargieG67027617,kitschburgh
MargieG67027617,Havethet1
MargieG67027617,i_Lean
MargieG67027617,EthanBearman
MargieG67027617,RonOwens_
MargieG67027617,Scattered211
MargieG67027617,StirlingOscar
MargieG67027617,grandmagrit
MargieG67027617,zachbraff
MargieG67027617,DeaconBlues0
MargieG67027617,McPhoto55
MargieG67027617,why_two_wit
MargieG67027617,BenJealous
MargieG67027617,joshscampbell
MargieG67027617,AltJennyG1
MargieG67027617,faejerseygirl
MargieG67027617,RickPetree
MargieG67027617,rubyb
MargieG67027617,SamBraslow
MargieG67027617,Pajosmashup
MargieG67027617,deerretlaw
MargieG67027617,sarahkendzior
MargieG67027617,IAmJohnAles
MargieG67027617,MissPiaLouise
MargieG67027617,m4cgr3g0r
MargieG67027617,barbsolish
MargieG67027617,motherbaus
MargieG67027617,ZekeJMiller
MargieG67027617,jmartNYT
MargieG67027617,jonkarl
MargieG67027617,stevenportnoy
RMiessek,Gladysm77783516
RMiessek,LSookarry
RMiessek,JermarcusRobin1
RMiessek,AngieBeans
RMiessek,AdvocatemomJ
RMiessek,boilarsedog
RMiessek,Leslie17Debbie
RMiessek,cote1630
RMiessek,COkuonghea
RMiessek,marcellalaluna
RMiessek,Shinyobjects3
RMiessek,whitshu
RMiessek,Delilahinca
RMiessek,DFreeman_59
RMiessek,jawn_d0e
RMiessek,8240Maximillian
RMiessek,sebNYC2CO
RMiessek,MonikRobichaud
RMiessek,ronger1111
RMiessek,KennethWayneBu4
RMiessek,JennyR819
RMiessek,lesia4464
RMiessek,OleGelo5
RMiessek,evarose3
RMiessek,Tim_Welch_
RMiessek,SelkieCatJoy
RMiessek,NikCandlestick
RMiessek,GeistRabbit
RMiessek,ColinGoodman1
RMiessek,CatSkeptic
RMiessek,MrsRobPope
RMiessek,Idleaccountx
RMiessek,AgainJelly
RMiessek,GwenGraham
RMiessek,BidenInaugural
RMiessek,arrows2ashes
RMiessek,jameseisner7
RMiessek,crane_trish
RMiessek,KrissyIsListy
RMiessek,FarmorTiL2
RMiessek,playbookplus
RMiessek,togoodwin2021
RMiessek,unclezicka71
RMiessek,TonyShnark
RMiessek,BillSny36983240
RMiessek,HammertimeAgain
RMiessek,EddieGEastcoast
RMiessek,CarrotteG
RMiessek,archer_general
RMiessek,pjwest0465
RMiessek,sunnychopra1818
RMiessek,EmilieMoody18
RMiessek,La_Bete_humaine
RMiessek,LanceHosey
RMiessek,RealLaureen
RMiessek,TweetsAreFart
RMiessek,standforbetter
RMiessek,LeftyLiteral
RMiessek,CatherineStP
RMiessek,ilmanati
RMiessek,BYU13681
RMiessek,TheNewRazoo
RMiessek,HatesMitch
RMiessek,Jckruse79
RMiessek,thamemeweaver
RMiessek,BJohnse19
RMiessek,veracious111
RMiessek,howardharrissc
RMiessek,AllenBGlines
RMiessek,7Veritas4
RMiessek,AmongBot
RMiessek,claudiakitty_g
RMiessek,ToniC8
RMiessek,LumenelloC
RMiessek,sprizz3241
RMiessek,tcelen300
RMiessek,heatherjtaylor
RMiessek,AC_Harmony
RMiessek,MaryBittel
RMiessek,OshetJimmy
RMiessek,Miss_Fedelm
RMiessek,AnaCabrera
RMiessek,michelleisawolf
RMiessek,OhNoSheTwitnt
RMiessek,SallyQYates
RMiessek,MonicaLewinsky
RMiessek,thistallawkgirl
RMiessek,DDanuski
RMiessek,POberembt
RMiessek,bkogod
RMiessek,SuzanneHuse
RMiessek,StevieSkyrise
RMiessek,SebGorka
RMiessek,RSBNetwork
RMiessek,dotjenna
RMiessek,Sundaughter91
RMiessek,PopGpp
RMiessek,IAmTheReaper_1
RMiessek,lotteda4
RMiessek,Loaner777
RMiessek,ResistingInKy
RMiessek,Paansuorphan
RMiessek,WanderlustXL
RMiessek,FLOTUS
RMiessek,POTUS
RMiessek,SagArcher
RMiessek,vampul8ter
RMiessek,DemuthChristina
RMiessek,Bob1961Re
RMiessek,RobynAdair3
RMiessek,thefrstofficial
RMiessek,crowelove
RMiessek,CocksureFirebug
RMiessek,RareClarity101
RMiessek,ClaudeCowan1
RMiessek,LibertyToaster
RMiessek,SNHDinfo
RMiessek,NVSOS
RMiessek,NVHealthRespon1
RMiessek,AnnieGabstonH
RMiessek,ltgrusselhonore
RMiessek,Omasan36
RMiessek,J_A_B_63
RMiessek,Shellbell4891
RMiessek,cellafont3
RMiessek,suecro2
RMiessek,JoyceAldridge13
RMiessek,AndreaMonroeART
RMiessek,BadDeb3
RMiessek,nashvillez
RMiessek,marthalt
RMiessek,lareena_taylor
RMiessek,davetroy
RMiessek,gokpkd
RMiessek,MeghanMcCain
RMiessek,filmbizpro
RMiessek,MaryPatFlynn1
RMiessek,givolere
RMiessek,HuntyShadeFish
RMiessek,ElijahAugustEru
RMiessek,MeherzZ
RMiessek,ariehkovler
RMiessek,chicky_little2
RMiessek,StevenHorsford
RMiessek,AaronDFordNV
RMiessek,wagodelufame
RMiessek,cryptoninza
RMiessek,zentivos
RMiessek,jengolbeck
RMiessek,ajsmomx2
RMiessek,masstresspass
RMiessek,hannahpbo
RMiessek,MeleaY
RMiessek,carpddad
RMiessek,MsbethmartinezA
RMiessek,PDaytonp2
RMiessek,20voted20
RMiessek,jenagain4
RMiessek,shannoncoulter
RMiessek,rockets_ghost
RMiessek,CristaldelNorte
RMiessek,canaweedonline
RMiessek,tonysedge
RMiessek,donnaleeforte
RMiessek,Heatherbeartoth
RMiessek,Tlovett7
RMiessek,Krys_is_back
RMiessek,C4QuadOne
RMiessek,GoodMafiaFella
RMiessek,VanessaPro
RMiessek,BobbiResists
RMiessek,sanjayvatts
RMiessek,cosper_jr
RMiessek,troublemak3
RMiessek,FPWellman
RMiessek,Trx1000
RMiessek,hugolowell
RMiessek,ZZBolinski
RMiessek,Rogerasalways
RMiessek,FullMoonVT
RMiessek,JillFano3
RMiessek,rharrow
RMiessek,Marion75448155
RMiessek,abhirahmantx
RMiessek,AnthonyResists
RMiessek,RodTayl47385776
RMiessek,immersed_in_luv
RMiessek,rubenkmajor
RMiessek,Terri_Freebird
RMiessek,Clues50328370
RMiessek,finniz50
RMiessek,norainidaho
RMiessek,Parksplace2
RMiessek,MzmarianmayMay
RMiessek,JayCray1983
RMiessek,GregorSamsa_III
RMiessek,Me_eye_Open
RMiessek,Trump_Detester
RMiessek,Palpatine2020
RMiessek,VashH3
RMiessek,mininicey
RMiessek,DrMattHH
RMiessek,Fafhrd9
RMiessek,Linda_n_Raleigh
RMiessek,Jeffery_S_C
RMiessek,OnealAnnia
RMiessek,AryaanSaigal
RMiessek,mosacejiquk
RMiessek,jaegerpants
RMiessek,ricotwit0123
RMiessek,CliffordONeal8
RMiessek,GloriaKissanaxx
RMiessek,Goldbdoug
RMiessek,ohreallyya
RMiessek,TessieDee5
RMiessek,Roberts_nutz
RMiessek,smxpdx
RMiessek,AsherWhites
RMiessek,pigtailbabie
RMiessek,tkistheone
RMiessek,czarim1
RMiessek,SNWilsonMD
RMiessek,txbluesgal
RMiessek,blondi777
RMiessek,crazycritter77
RMiessek,BretBaier
RMiessek,PaigeNYou1
RMiessek,NannyB510
RMiessek,Mass_Area_Man
RMiessek,teeple_jerry
RMiessek,2020Alanshearer
RMiessek,jdsoup
RMiessek,MichelleHart42
RMiessek,bosslady_bv
RMiessek,_elizbieber
RMiessek,dezinguy1971
RMiessek,imadickens
RMiessek,shieldmaiden60
RMiessek,jd_1952
RMiessek,bobschramm69
