DawnRoseTurner,ericfochoa
DawnRoseTurner,sarahrees
DawnRoseTurner,1babitch
DawnRoseTurner,TannisBell1
DawnRoseTurner,POTUS
DawnRoseTurner,LoveTwit2020
DawnRoseTurner,DogwoodBCVols
DawnRoseTurner,philmisereor
DawnRoseTurner,okumuramasatak1
DawnRoseTurner,SarahSp58588539
DawnRoseTurner,rockymtnsky
DawnRoseTurner,rweston406
DawnRoseTurner,Firettay
DawnRoseTurner,robdelaet
DawnRoseTurner,vhhydroponics
DawnRoseTurner,BerniceKing
DawnRoseTurner,PSYCH0_SIS
DawnRoseTurner,DrAndrewSK
DawnRoseTurner,ValoremF
DawnRoseTurner,scapelliti
DawnRoseTurner,fffgurugram
DawnRoseTurner,forestsofhope
DawnRoseTurner,SerenityFoods
DawnRoseTurner,ErikSolheim
DawnRoseTurner,ScarletSedition
DawnRoseTurner,thenarwhalca
DawnRoseTurner,BasicBc
DawnRoseTurner,JuliePi31415926
DawnRoseTurner,leerathje
DawnRoseTurner,klausenhus1961
DawnRoseTurner,FreeOfViolence
DawnRoseTurner,LittleMissFlint
DawnRoseTurner,NorthMcMonkey
DawnRoseTurner,RayArmat
DawnRoseTurner,EcosystmDecoder
DawnRoseTurner,HansTenywa
DawnRoseTurner,josefpalhawskie
DawnRoseTurner,ignaciom110
DawnRoseTurner,TweeetLorraine
DawnRoseTurner,EthicalRenewal
DawnRoseTurner,DrEricDing
DawnRoseTurner,Watooosh
DawnRoseTurner,shannon53629356
DawnRoseTurner,DomenicZarlenga
DawnRoseTurner,Goa403709India
DawnRoseTurner,shomaristone
DawnRoseTurner,Bigulgkt
DawnRoseTurner,wstlss
DawnRoseTurner,IFADSouthAsia
DawnRoseTurner,SamvgWr
DawnRoseTurner,qzondervan
DawnRoseTurner,FrozenHomie
DawnRoseTurner,Seringueiro2
DawnRoseTurner,NotLadyEmma
DawnRoseTurner,DailyNative
DawnRoseTurner,CCE_Guide
DawnRoseTurner,GwillimdaleFarm
DawnRoseTurner,sallygtibet14
DawnRoseTurner,FionaMarissa
DawnRoseTurner,barbaraspound
DawnRoseTurner,MtKelly62136
DawnRoseTurner,CUGradCareers
DawnRoseTurner,SassyMetisChick
DawnRoseTurner,_JapanLibrary_
DawnRoseTurner,PlumleyF
DawnRoseTurner,AlysonMetzger
DawnRoseTurner,Mariahcharleson
DawnRoseTurner,Campaign4TREES
DawnRoseTurner,Below2C_
DawnRoseTurner,AIguda
DawnRoseTurner,Blubdha
DawnRoseTurner,jessicasiewert
DawnRoseTurner,GailDavvis
DawnRoseTurner,Suebelcher6
DawnRoseTurner,ConnectAID_int
DawnRoseTurner,gaellesevenier
DawnRoseTurner,TmanSpeaks
DawnRoseTurner,VisualPersist
DawnRoseTurner,tetuokano
DawnRoseTurner,AmandaRay02
DawnRoseTurner,Devgru6G
DawnRoseTurner,AdamRogers2030
DawnRoseTurner,lyroloff
DawnRoseTurner,EroComfort
DawnRoseTurner,ChittoorMadhvi
DawnRoseTurner,ItTakesAForest
DawnRoseTurner,TalkerTeacher
DawnRoseTurner,GaelleMogli
DawnRoseTurner,carboncoach
DawnRoseTurner,BagalueSunab
DawnRoseTurner,FFF_Bangladesh
DawnRoseTurner,jharveylewis
DawnRoseTurner,AyzeBelinda
DawnRoseTurner,HealTheBay
DawnRoseTurner,m_ardyche
DawnRoseTurner,shemichele1
DawnRoseTurner,glenposs
DawnRoseTurner,OwlHoot14
DawnRoseTurner,LoveExpands
DawnRoseTurner,danagasta1
DawnRoseTurner,rockfarmer444
DawnRoseTurner,Cultiv8Hope
DawnRoseTurner,drdagly
DawnRoseTurner,HartmutNeubauer
DawnRoseTurner,SumOfUs
DawnRoseTurner,himm7
DawnRoseTurner,totimesnews
DawnRoseTurner,KenBodger
DawnRoseTurner,masqtrading
DawnRoseTurner,RousseauAgnes
DawnRoseTurner,RichardRcvortex
DawnRoseTurner,PeterUpsidedown
DawnRoseTurner,Jnwamson
DawnRoseTurner,PlieningerLab
DawnRoseTurner,Tiredearth
DawnRoseTurner,bcgreencaucus
DawnRoseTurner,vascopyjama
DawnRoseTurner,Victoronochie1
DawnRoseTurner,SustainergyA
DawnRoseTurner,JustinBGreen1
DawnRoseTurner,Frisbeeplate
DawnRoseTurner,lkafle
DawnRoseTurner,shibainuvolunt1
DawnRoseTurner,Geordiebuddhist
DawnRoseTurner,tradehabits2
DawnRoseTurner,stonesoupleader
DawnRoseTurner,WConsensus
DawnRoseTurner,twyspy
DawnRoseTurner,CivilEats
DawnRoseTurner,Nature_Incorp
DawnRoseTurner,Xmas_Strike
DawnRoseTurner,AtowiProject
DawnRoseTurner,Nokomaq
DawnRoseTurner,Solutions_4ID
DawnRoseTurner,authorpendragon
DawnRoseTurner,JBoyer_Good
DawnRoseTurner,BrendaChedd
DawnRoseTurner,Renay48937
DawnRoseTurner,phyllismufson
DawnRoseTurner,CBCReclaimed
DawnRoseTurner,BestStephen
DawnRoseTurner,chelliepingree
DawnRoseTurner,ubi_works
DawnRoseTurner,aaronmskeogh
DawnRoseTurner,jfkeeler
DawnRoseTurner,LauraOfTheTrees
DawnRoseTurner,KaweahCoalition
DawnRoseTurner,SusanneDeb
DawnRoseTurner,r_ranjan06
DawnRoseTurner,caractacus55
DawnRoseTurner,AlmuthSiegl
DawnRoseTurner,GregThompson77
DawnRoseTurner,donna_plageman
DawnRoseTurner,ak48er
DawnRoseTurner,ProfTerryHughes
DawnRoseTurner,HeidiCullen
DawnRoseTurner,RARohde
DawnRoseTurner,JKSteinberger
DawnRoseTurner,valmasdel
DawnRoseTurner,Peters_Glen
DawnRoseTurner,hausfath
DawnRoseTurner,leahstokes
DawnRoseTurner,jrockstrom
DawnRoseTurner,NaomiOreskes
DawnRoseTurner,KevinClimate
DawnRoseTurner,rahmstorf
DawnRoseTurner,ThierryLindor
DawnRoseTurner,bethsawin
DawnRoseTurner,CBCKidsNews
DawnRoseTurner,Climatehope2
DawnRoseTurner,kkirkup
DawnRoseTurner,JasvirDeol_
DawnRoseTurner,UNDPClimate
DawnRoseTurner,AssaadRazzouk
DawnRoseTurner,Gerhard_DMU
DawnRoseTurner,margiezargs
DawnRoseTurner,schorethals
DawnRoseTurner,IsataRoseline
DawnRoseTurner,FFF_SierraLeone
DawnRoseTurner,marionoviello_1
DawnRoseTurner,HankChilton
DawnRoseTurner,IsabelleLetell1
DawnRoseTurner,Raffy_Roma
DawnRoseTurner,andfeelgood
DawnRoseTurner,Zachary03699160
DawnRoseTurner,tortik_veganski
DawnRoseTurner,the_aiwe
DawnRoseTurner,TerryGlavin
DawnRoseTurner,FCM_online
DawnRoseTurner,tutticontenti
DawnRoseTurner,7leninvan
DawnRoseTurner,gvthillo
DawnRoseTurner,RonaldVermeij
DawnRoseTurner,AJAYPAL30332942
DawnRoseTurner,KambojAahana
DawnRoseTurner,JbDondolo
DawnRoseTurner,leanahosea
DawnRoseTurner,nancyvictoria
DawnRoseTurner,Gargee_Mitrapal
DawnRoseTurner,Dream13Gemini
DawnRoseTurner,standearth
DawnRoseTurner,AstaRevolution
DawnRoseTurner,tualgorithm
DawnRoseTurner,PatBlackstaffe
DawnRoseTurner,bradbonomo
DawnRoseTurner,ClimateNewsDay
DawnRoseTurner,Hilalkhan3361
DawnRoseTurner,saoi4climate
DawnRoseTurner,ClimateAxnNow
DawnRoseTurner,alexlee33
DawnRoseTurner,Paul_O_Williams
DawnRoseTurner,AC4Congress2020
DawnRoseTurner,angellight
DawnRoseTurner,Jibril_AbdoolM
DawnRoseTurner,DrLindaShelton
DawnRoseTurner,zeroforgood
DawnRoseTurner,neweconforum
DawnRoseTurner,ElwiraRosiak
DawnRoseTurner,ekoru_search
DawnRoseTurner,latelateshow
DawnRoseTurner,XRHealthPros
DawnRoseTurner,Druidward_eco
DawnRoseTurner,UCLASemelFriend
DawnRoseTurner,loveisbrilliant
DawnRoseTurner,CarusoSings
DawnRoseTurner,fromjimbarnes
DawnRoseTurner,elizabethlal
DawnRoseTurner,maskwasez
DawnRoseTurner,sustainteens
DawnRoseTurner,Ifyouneedmeblog
DawnRoseTurner,zayoon
DawnRoseTurner,MukuhiMwaura
DawnRoseTurner,LostAmericana
DawnRoseTurner,ReinerAberJa
DawnRoseTurner,glenmclean
DawnRoseTurner,Greenpeaceafric
DawnRoseTurner,HollyWildChild
DawnRoseTurner,DrKateMarvel
DawnRoseTurner,CascadiaDept
DawnRoseTurner,QueenOliviaStR
DawnRoseTurner,belladonabee
DawnRoseTurner,rio10314
DawnRoseTurner,TJWattPhoto
DawnRoseTurner,wyldcdn
DawnRoseTurner,PaulDereume
DawnRoseTurner,alwaysbeenleft
DawnRoseTurner,mrenner_schultz
DawnRoseTurner,UsaParents
DawnRoseTurner,adreaminadream
DawnRoseTurner,Acosta
DawnRoseTurner,Makeadi30164733
DawnRoseTurner,Save0urForests
DawnRoseTurner,Dr_Jim1
DawnRoseTurner,KC_Lumberguy
DawnRoseTurner,ScienceAlly
DawnRoseTurner,350Canada
DawnRoseTurner,oldcojote
DawnRoseTurner,marjorie_brans
DawnRoseTurner,Kanwar_B_Chawla
DawnRoseTurner,nahluwalia20
DawnRoseTurner,AneraoKailash
DawnRoseTurner,ArunYadav0007
DawnRoseTurner,LVEJO
DawnRoseTurner,N4EJchicago
DawnRoseTurner,shaygabriel
DawnRoseTurner,SurreyForFuture
DawnRoseTurner,LamechLamarch25
DawnRoseTurner,DennisPan20181
DawnRoseTurner,TaraGrace_
DawnRoseTurner,journobabu
DawnRoseTurner,kevinpburns
DawnRoseTurner,Konstruktive_
DawnRoseTurner,SusanaHancock_
DawnRoseTurner,JeeneKaAdhikar
DawnRoseTurner,ABecenti
DawnRoseTurner,nature_yoshiro
DawnRoseTurner,ShindoTenshin
DawnRoseTurner,OperationEarth5
DawnRoseTurner,ClimateHuman
DawnRoseTurner,ButtockPennock
DawnRoseTurner,MahendraRishabh
DawnRoseTurner,FlavThunbWolf
DawnRoseTurner,RMBlaber56
DawnRoseTurner,HOPE_AUofficial
DawnRoseTurner,ImKnitiot
DawnRoseTurner,FFFAmazonia
DawnRoseTurner,DanPriceSeattle
DawnRoseTurner,anujabali
DawnRoseTurner,katherinefeeney
DawnRoseTurner,EngineersJcm
DawnRoseTurner,drnkumaribbu
DawnRoseTurner,wctorrance
DawnRoseTurner,ElsaCatyy
DawnRoseTurner,dennisburden
DawnRoseTurner,snaglet
DawnRoseTurner,FirehoseOfTruth
DawnRoseTurner,MandhirSingh19
DawnRoseTurner,vandymini
DawnRoseTurner,MonaPatelT
DawnRoseTurner,merlemassie
DawnRoseTurner,KathyCalder6
DawnRoseTurner,jane__eden
DawnRoseTurner,TeamUp4Climate
DawnRoseTurner,JjackX14
DawnRoseTurner,PaulyHughes
DawnRoseTurner,PatrickCCanning
DawnRoseTurner,RakshInd
DawnRoseTurner,CanadianWolvie
DawnRoseTurner,mytreeUganda
DawnRoseTurner,jrobert_nl
DawnRoseTurner,SadrachNirere
DawnRoseTurner,JoshK_ca
DawnRoseTurner,FFF_Jour
DawnRoseTurner,Jasvindhir
DawnRoseTurner,onjolo_kenya
DawnRoseTurner,the_ecofeminist
DawnRoseTurner,UCPcutsKill
DawnRoseTurner,fan_mod
DawnRoseTurner,tamalama67
DawnRoseTurner,DaveSMT
DawnRoseTurner,MicMcCulloch
DawnRoseTurner,Leona39385834
DawnRoseTurner,Return_It
DawnRoseTurner,AngelDiZhang
DawnRoseTurner,deNutrients
DawnRoseTurner,KckngHrseCoffee
DawnRoseTurner,TruEarthLaundry
DawnRoseTurner,ShaifiLifeCoach
DawnRoseTurner,gsekret407
DawnRoseTurner,Phan_Ouille
DawnRoseTurner,stopthiscrazy
DawnRoseTurner,Brototi
DawnRoseTurner,ayowecca_uganda
DawnRoseTurner,BetterGlobeTree
DawnRoseTurner,MourineAsiimwe
DawnRoseTurner,Kumari_Devyani
DawnRoseTurner,madelyndewinter
DawnRoseTurner,SDinPraxis
DawnRoseTurner,PDSB_eco
DawnRoseTurner,EcoSchoolsCAN
DawnRoseTurner,WRWCanada
DawnRoseTurner,RCOntario
DawnRoseTurner,Nidhiprasad14
DawnRoseTurner,gerrjame
DawnRoseTurner,EthicalHour
DawnRoseTurner,Eco1stArt
DawnRoseTurner,RSPOtweets
DawnRoseTurner,LeahGazan
DawnRoseTurner,Kukukwes
DawnRoseTurner,Michael_Muuwo
DawnRoseTurner,chimera414
DawnRoseTurner,Mel7Labrador
DawnRoseTurner,alphanumrixx
DawnRoseTurner,mrEmTee
DawnRoseTurner,Shadyhfz
DawnRoseTurner,sergiomikhayl
DawnRoseTurner,DonnyMcivor
DawnRoseTurner,Aniketl9
DawnRoseTurner,BCGreens
DawnRoseTurner,anna_lillith
DawnRoseTurner,AmnaSoomro10
DawnRoseTurner,balkissoon
DawnRoseTurner,1492LBL
DawnRoseTurner,JulieRuszkowski
DawnRoseTurner,imkevinjpatel
DawnRoseTurner,Jimnelson806
DawnRoseTurner,charles_consult
DawnRoseTurner,XR_BSE
DawnRoseTurner,ZC_zenith
DawnRoseTurner,DenisNishant
DawnRoseTurner,RealMonolitha
DawnRoseTurner,j_shideh
DawnRoseTurner,westcoastseeds
DawnRoseTurner,threadreaderapp
DawnRoseTurner,NicolasStulberg
DawnRoseTurner,KNieuwhuis
DawnRoseTurner,PupilsProfit
DawnRoseTurner,dianaball519
DawnRoseTurner,Shubham59781984
DawnRoseTurner,thomtrance
DawnRoseTurner,johnfocook
DawnRoseTurner,drolkrad_ehT
DawnRoseTurner,Rolfe_
DawnRoseTurner,atamewani
DawnRoseTurner,gorgewatch
DawnRoseTurner,Gyan84s
DawnRoseTurner,BogochIsaac
DawnRoseTurner,Shrestha_Gupta_
DawnRoseTurner,KateMMulligan
DawnRoseTurner,MichaelCanic
DawnRoseTurner,wendyholm
DawnRoseTurner,RollUmEasy
DawnRoseTurner,Rafaelah_Luzio
DawnRoseTurner,ATHABASKAN77
DawnRoseTurner,MaanvinderP
DawnRoseTurner,EarlJames8
DawnRoseTurner,frackfreedevon
DawnRoseTurner,indigenizeit
DawnRoseTurner,WatershSentinel
DawnRoseTurner,EngTechnow
DawnRoseTurner,greentech_io
DawnRoseTurner,AmitPau60936689
DawnRoseTurner,AshisSa39453585
DawnRoseTurner,DansLegacyBC
DawnRoseTurner,ANI
DawnRoseTurner,EricHolthaus
DawnRoseTurner,albi2103
DawnRoseTurner,kamanumbugua
DawnRoseTurner,eva_chou_
DawnRoseTurner,YoungBCGreens
DawnRoseTurner,GrantLPollerd
DawnRoseTurner,WonderwhyEnvir1
DawnRoseTurner,Drsarika005
DawnRoseTurner,Syncretiphile
DawnRoseTurner,FridaysNigeria
DawnRoseTurner,edwinNamakanga
DawnRoseTurner,HarrisonRJ_
DawnRoseTurner,SoniaFurstenau
DawnRoseTurner,griffjane
DawnRoseTurner,orangutans
DawnRoseTurner,Paycottage
DawnRoseTurner,Sarahhh_lndian
DawnRoseTurner,justice4eishia
DawnRoseTurner,JonahTimms
DawnRoseTurner,RobAnderson2018
DawnRoseTurner,katenoconnor1
DawnRoseTurner,projreachingout
DawnRoseTurner,KraftHeinzCo
DawnRoseTurner,SEforALLorg
DawnRoseTurner,iVote4USA
DawnRoseTurner,LarryNeufeldSK
DawnRoseTurner,BCEcosocialists
DawnRoseTurner,FlintMIBot
DawnRoseTurner,DeepaKaur20
DawnRoseTurner,EricMoorePhoto
DawnRoseTurner,edgarrmcgregor
DawnRoseTurner,dsteketee97
DawnRoseTurner,mmavra2
DawnRoseTurner,sarahcpr
DawnRoseTurner,eleanorhayward4
DawnRoseTurner,jenhawk6248
DawnRoseTurner,HSRZeroWaste
DawnRoseTurner,Sandraallan1971
DawnRoseTurner,husainAemran
DawnRoseTurner,TheGenysysGroup
DawnRoseTurner,educnation
DawnRoseTurner,joepjanssencom
DawnRoseTurner,HungryDeanosaur
DawnRoseTurner,AndSafeguards
DawnRoseTurner,edyong209
DawnRoseTurner,fffmiyazaki
DawnRoseTurner,csmonitor
DawnRoseTurner,roemmermann
DawnRoseTurner,RhondaVander
DawnRoseTurner,CanadianLibSoc
DawnRoseTurner,madhusudhansgr
DawnRoseTurner,VSO_Intl
DawnRoseTurner,PeteBlurg
DawnRoseTurner,CountryDawn86
DawnRoseTurner,guillermoacuna
DawnRoseTurner,ClimateNovelist
DawnRoseTurner,princepapa1
DawnRoseTurner,NativeVoiceNet
DawnRoseTurner,KhurshidZaman
DawnRoseTurner,ManalBidar
DawnRoseTurner,Superabderit
DawnRoseTurner,Fridays4FutureU
DawnRoseTurner,matovu_bob
DawnRoseTurner,NamugerwaLeah
DawnRoseTurner,IBoggere
DawnRoseTurner,ecoHomeNetwork
DawnRoseTurner,KatherineHobbs1
DawnRoseTurner,ClimateBuddy
DawnRoseTurner,Hazloe3
DawnRoseTurner,estradadeferro2
DawnRoseTurner,McRaeWrites
DawnRoseTurner,fazeelamubarak
DawnRoseTurner,RIO71534740
DawnRoseTurner,amberblueskye
DawnRoseTurner,JTTS2022
DawnRoseTurner,DarthMatTheHaud
DawnRoseTurner,TheAgentNDN
DawnRoseTurner,TheBlueGem3
DawnRoseTurner,Nandini72113762
DawnRoseTurner,ElectionsBC
DawnRoseTurner,theenvirotarian
DawnRoseTurner,JoeTorreggiani
DawnRoseTurner,catabreu_
DawnRoseTurner,inthehammer1
DawnRoseTurner,LisaPenney
DawnRoseTurner,AnnaKernahan
DawnRoseTurner,PedalEachMile
DawnRoseTurner,NettieAnne
DawnRoseTurner,ChrisToth7
DawnRoseTurner,SamuelNihoul
DawnRoseTurner,DFCHack
DawnRoseTurner,evdillon
DawnRoseTurner,missarriela
DawnRoseTurner,marcellemroy
DawnRoseTurner,Tonhodocandio19
DawnRoseTurner,KellyCanuckTO
DawnRoseTurner,greg_blee
DawnRoseTurner,SchofieldYaya
DawnRoseTurner,FFF_SAJ
DawnRoseTurner,DrJPriceTrustee
DawnRoseTurner,hello65757055
DawnRoseTurner,plbg_s
DawnRoseTurner,AdjemianJ
DawnRoseTurner,kate_eviva
DawnRoseTurner,Shivani51102675
DawnRoseTurner,OrcaBC101
DawnRoseTurner,Ecosutra
DawnRoseTurner,twiitterrer
DawnRoseTurner,Dinesh57287001
DawnRoseTurner,michpoligal
DawnRoseTurner,ggcs_io
DawnRoseTurner,MtlSeb
DawnRoseTurner,CareYourEarth
DawnRoseTurner,oummesakina
DawnRoseTurner,dailyonequote
DawnRoseTurner,AllGoneTomorrow
DawnRoseTurner,idtrmn8r
DawnRoseTurner,jjohl
DawnRoseTurner,notefromabroad
DawnRoseTurner,YahayaOjonugwa
DawnRoseTurner,MarineGOfficial
DawnRoseTurner,ReInvention2Go
DawnRoseTurner,patmccombe
DawnRoseTurner,Hiro_Lee8
DawnRoseTurner,GerimaMustafa
DawnRoseTurner,PeaceCorpsGabon
DawnRoseTurner,Pr0jectClimate
DawnRoseTurner,Madi_actor
DawnRoseTurner,BigHeartedGuy
DawnRoseTurner,Knittingrid
DawnRoseTurner,taszinck
DawnRoseTurner,realpeoplesmedi
DawnRoseTurner,ScottDuncanWX
DawnRoseTurner,ben_a_rhoades
DawnRoseTurner,EvoHannan
DawnRoseTurner,AdamHillEDU
DawnRoseTurner,STEM2Crisis
DawnRoseTurner,EvergreenCanada
DawnRoseTurner,EcoKidsCanada
DawnRoseTurner,WWFCanada
DawnRoseTurner,NCC_CNC
DawnRoseTurner,cpaws
DawnRoseTurner,6Sally7
DawnRoseTurner,BlueRiv88891964
DawnRoseTurner,HulleyViolins
DawnRoseTurner,barbjustason
DawnRoseTurner,ftvictoriafern
DawnRoseTurner,Misotheist_
DawnRoseTurner,_java_junkie
DawnRoseTurner,Anoneaz
DawnRoseTurner,undeadchick820
DawnRoseTurner,CathOBrian
DawnRoseTurner,JBCOOKS
DawnRoseTurner,greengordon
DawnRoseTurner,glovesoffjerk
DawnRoseTurner,FFF_Aus
DawnRoseTurner,Colliemum3
DawnRoseTurner,FFF_Andhra
DawnRoseTurner,in_pubs
DawnRoseTurner,goodnewsfocus
DawnRoseTurner,YoungChris27040
DawnRoseTurner,GmaMaggie1
DawnRoseTurner,quantumind1
DawnRoseTurner,ab34233
DawnRoseTurner,for_senegal
DawnRoseTurner,OssmatKiwan
DawnRoseTurner,Zain_Mohsin
DawnRoseTurner,AccidalPioneer
DawnRoseTurner,PieffT
DawnRoseTurner,randommandelbot
DawnRoseTurner,ifarm360
DawnRoseTurner,doktorhulk
DawnRoseTurner,JanineClimate
DawnRoseTurner,BrandoYT
DawnRoseTurner,KyotoRebellion
DawnRoseTurner,WallOfMoms
DawnRoseTurner,SRahulM
DawnRoseTurner,deadward_
DawnRoseTurner,PaulDoroshenko
DawnRoseTurner,jprah1
DawnRoseTurner,JhabakHemant
DawnRoseTurner,Ashima_Thirwani
DawnRoseTurner,jodirmurphy
DawnRoseTurner,kt4ut
DawnRoseTurner,tweetbrk
DawnRoseTurner,mandyhoskin1
DawnRoseTurner,IvyKriss
DawnRoseTurner,geolunar
DawnRoseTurner,itsarigrace
DawnRoseTurner,weeAnarchist
DawnRoseTurner,Patsyip_
DawnRoseTurner,stratkotter
DawnRoseTurner,Mina_mihku
DawnRoseTurner,SdgsSolutions
DawnRoseTurner,DigUniSys
DawnRoseTurner,DevinaOngera
DawnRoseTurner,AlexandriaV2005
DawnRoseTurner,patriciakombo
DawnRoseTurner,BrianMcHugh2011
DawnRoseTurner,UbuntooWorld
DawnRoseTurner,iris4action
DawnRoseTurner,patienceNabz
DawnRoseTurner,carolsill
DawnRoseTurner,LicypriyaK
DawnRoseTurner,Remy_Zahiga
DawnRoseTurner,hollyvalero
DawnRoseTurner,jwbrown556
DawnRoseTurner,_carbontiptoes
DawnRoseTurner,sharda_aashi
DawnRoseTurner,JaySinghEJ
DawnRoseTurner,itsSaadAmer
DawnRoseTurner,living_oceans
DawnRoseTurner,isecoalition
DawnRoseTurner,SeverinTogo
DawnRoseTurner,FungiwithBengi
DawnRoseTurner,PSchinzler
DawnRoseTurner,waddells74
DawnRoseTurner,GuapoOnly
DawnRoseTurner,Astronomer1997
DawnRoseTurner,SeanCarleton
DawnRoseTurner,NLMcLean1
DawnRoseTurner,NatashaJahnse
DawnRoseTurner,AnuMukarji
DawnRoseTurner,SDGsForChildren
DawnRoseTurner,OdishaSeaTurtle
DawnRoseTurner,gurshaniyat
DawnRoseTurner,leg_wolf
DawnRoseTurner,Farah_mkma
DawnRoseTurner,ellie25122
DawnRoseTurner,JamieWHB
DawnRoseTurner,whitesteven3377
DawnRoseTurner,RedTail3dHawk
DawnRoseTurner,GSK_careers
DawnRoseTurner,bardofely
DawnRoseTurner,charlotteauman1
DawnRoseTurner,rosapjli35
DawnRoseTurner,DickKingSmith
DawnRoseTurner,EmilianoLincoln
DawnRoseTurner,paulmcclintock
DawnRoseTurner,JindalRatnesh
DawnRoseTurner,lulex
DawnRoseTurner,BryanMatthews23
DawnRoseTurner,Between2F
DawnRoseTurner,MidIslandIndie
DawnRoseTurner,LauraBr23335805
DawnRoseTurner,finch_rfoll
DawnRoseTurner,colbecky1
DawnRoseTurner,TerriHansen
DawnRoseTurner,HuwpHuw
DawnRoseTurner,godfriedpimlott
DawnRoseTurner,Wehms2
DawnRoseTurner,itsjim84
DawnRoseTurner,rethinkcaptive
DawnRoseTurner,PNyamrinda
DawnRoseTurner,PlanetSedge
DawnRoseTurner,AdityaMukarji
DawnRoseTurner,ScoSciCliChaPol
DawnRoseTurner,RebeccaH2030
DawnRoseTurner,KennyYapCT
DawnRoseTurner,WSRapport
DawnRoseTurner,RoshaundaDGreen
DawnRoseTurner,WakioDorcas
DawnRoseTurner,BakerLackey
DawnRoseTurner,OnePlanet11
DawnRoseTurner,KangarooCaught
DawnRoseTurner,justme_reading
DawnRoseTurner,KamloopsArchaeo
DawnRoseTurner,RagingLibNana
DawnRoseTurner,OhSheri1
DawnRoseTurner,kalptaruVolunt1
DawnRoseTurner,MuhammadRazaAl9
DawnRoseTurner,AhujaHemanya
DawnRoseTurner,ActOnSahel
DawnRoseTurner,climate_mission
DawnRoseTurner,aliwatson117
DawnRoseTurner,bushcamp2
DawnRoseTurner,shawnvenasse
DawnRoseTurner,LiveBySurprise
DawnRoseTurner,Ibrodollars
DawnRoseTurner,tmrowing
DawnRoseTurner,Menalinda
DawnRoseTurner,rubyeve70
DawnRoseTurner,SKETCH_2016
DawnRoseTurner,land_guardians
DawnRoseTurner,ABG_49
DawnRoseTurner,ShikhaSeth17
DawnRoseTurner,zelfstudie
DawnRoseTurner,kaynair
DawnRoseTurner,SarahLehmann019
DawnRoseTurner,Chetna1806
DawnRoseTurner,madlove_love
DawnRoseTurner,fjeom
DawnRoseTurner,gordlau
DawnRoseTurner,KambojAnanya
DawnRoseTurner,ujsNova
DawnRoseTurner,icday2020
DawnRoseTurner,AaravSeth_
DawnRoseTurner,suketseth
DawnRoseTurner,RabiluRasi1010
DawnRoseTurner,WinnieCheche
DawnRoseTurner,realabhipandey1
DawnRoseTurner,mister_sahel
DawnRoseTurner,TRVST_Waste
DawnRoseTurner,NolanQ13
DawnRoseTurner,NabeelNawabi
DawnRoseTurner,robinmlstanton
DawnRoseTurner,tennverly
DawnRoseTurner,DaniConnorWild
DawnRoseTurner,IndigenousAI
DawnRoseTurner,glyphosate9570
DawnRoseTurner,Richard24183909
DawnRoseTurner,LaurenJaneBail2
DawnRoseTurner,ClimateChangePa
DawnRoseTurner,molinosmikel
DawnRoseTurner,SteveLeo_
DawnRoseTurner,bigskyrad
DawnRoseTurner,sophia_winspear
DawnRoseTurner,Barbiewithatude
DawnRoseTurner,mobilize_u
DawnRoseTurner,WayneCecilW1
DawnRoseTurner,KbLeecaster
DawnRoseTurner,LlewelynPritch
DawnRoseTurner,ChantalFraser2
DawnRoseTurner,MahamanMahama14
DawnRoseTurner,rksiddam
DawnRoseTurner,Leahtommi
DawnRoseTurner,MikeLoBurgio
DawnRoseTurner,TorEaling
DawnRoseTurner,HadleyEllen
DawnRoseTurner,lucky_budd
DawnRoseTurner,MrsRoyKeane0
DawnRoseTurner,nitagale
DawnRoseTurner,resistandgrow
DawnRoseTurner,CascadiaDream
DawnRoseTurner,wwaterwatchers
DawnRoseTurner,anewhorizonnow
DawnRoseTurner,DekneeDenis
DawnRoseTurner,AllOneProblem
DawnRoseTurner,liam_mcclintock
DawnRoseTurner,raymatt53916310
DawnRoseTurner,CrustationK
DawnRoseTurner,LiseGot
DawnRoseTurner,BenjaminDeMers
DawnRoseTurner,PatrickJDohert4
DawnRoseTurner,vanBCWilliam
DawnRoseTurner,sstpierre5
DawnRoseTurner,1BladderweedOne
DawnRoseTurner,inkl
DawnRoseTurner,careyjimzz
DawnRoseTurner,IceMonk
DawnRoseTurner,centeringpendu1
DawnRoseTurner,AddieCampaigne
DawnRoseTurner,apwc2020
DawnRoseTurner,_SolomonRajput_
DawnRoseTurner,herhar
DawnRoseTurner,KenCaldeira
DawnRoseTurner,_J_McPherson
DawnRoseTurner,TRCWABASH
DawnRoseTurner,vincearvidson
DawnRoseTurner,Hayleym1000
DawnRoseTurner,JulienneHansen2
DawnRoseTurner,FrankMa142
DawnRoseTurner,MartinG8177
DawnRoseTurner,jrlord1
DawnRoseTurner,JodiKoberinski
DawnRoseTurner,Susan78English
DawnRoseTurner,gorman_mary
DawnRoseTurner,Gingersandersa
DawnRoseTurner,long_daze
DawnRoseTurner,EternalShawnee
DawnRoseTurner,DpQuote
DawnRoseTurner,JuliusTokayne
DawnRoseTurner,PowerShftAfrica
DawnRoseTurner,ray_pylant
DawnRoseTurner,RadioFreeTony
DawnRoseTurner,mindingourelder
DawnRoseTurner,Allrecipes
DawnRoseTurner,timlflood
DawnRoseTurner,EdisonVancouver
DawnRoseTurner,R_RafailovaMCMI
DawnRoseTurner,BeccaBrass
DawnRoseTurner,scorpiwall
DawnRoseTurner,The_Drive2020
DawnRoseTurner,William54725370
DawnRoseTurner,Bergg69
DawnRoseTurner,A_w_H_i_u
DawnRoseTurner,RavenInstitute
DawnRoseTurner,Goodable
DawnRoseTurner,FStuvek
DawnRoseTurner,allentien
DawnRoseTurner,RachelsNews
DawnRoseTurner,BusChore
DawnRoseTurner,cornyflo23
DawnRoseTurner,OfficeHaruka
DawnRoseTurner,LoriStahlbrand
DawnRoseTurner,MsMindfulBlog
DawnRoseTurner,LLLloyd1
DawnRoseTurner,MaxKingsleyEh
DawnRoseTurner,self_govern4us
DawnRoseTurner,AnnaGarleff
DawnRoseTurner,aaholzer
DawnRoseTurner,funtimes1621
DawnRoseTurner,Nicochan33
DawnRoseTurner,bluedillygal
DawnRoseTurner,organicdot
DawnRoseTurner,GregLucas07
DawnRoseTurner,IRPlawyer
DawnRoseTurner,chrisalecanada
DawnRoseTurner,bscholz49
DawnRoseTurner,kruebird3
DawnRoseTurner,Khelsilem
DawnRoseTurner,_BOXABL
DawnRoseTurner,NohBodhi
DawnRoseTurner,OneMoonCircles
DawnRoseTurner,Arts_42
DawnRoseTurner,HerrickMartina
DawnRoseTurner,BLLoewen
DawnRoseTurner,josephdibb2
DawnRoseTurner,jontreeguy
DawnRoseTurner,JunagarhMedia
DawnRoseTurner,FoodnRoot
DawnRoseTurner,GreenpeaceCA
DawnRoseTurner,cravinalook
DawnRoseTurner,tukwa2
DawnRoseTurner,DawnGulick
DawnRoseTurner,TinyHouseSpot
DawnRoseTurner,RahulKr43326098
DawnRoseTurner,RizzoPhilip
DawnRoseTurner,steveinburnaby
DawnRoseTurner,EcoDivaNomi
DawnRoseTurner,muckle_jeff
DawnRoseTurner,malvernkite
DawnRoseTurner,ALIS_Itlatol
DawnRoseTurner,tmstrickl_tim
DawnRoseTurner,janleethiem
DawnRoseTurner,Wisedog4
DawnRoseTurner,Bruce4NoseHill
DawnRoseTurner,TomsTweeters
DawnRoseTurner,RamBabu96257943
DawnRoseTurner,flotsamnjetsom
DawnRoseTurner,AmieWol45816678
DawnRoseTurner,debragold44
DawnRoseTurner,RogueMender
DawnRoseTurner,ladygaga
DawnRoseTurner,DelsignoreDaryl
DawnRoseTurner,deustu1
DawnRoseTurner,ProsperiumGBL
DawnRoseTurner,Dexetrue
DawnRoseTurner,rob_aromin
DawnRoseTurner,BoivinYvon
DawnRoseTurner,MyWildlifePosts
DawnRoseTurner,DoriseLinda
DawnRoseTurner,VanStreetDog
DawnRoseTurner,wHyZgUy_
DawnRoseTurner,WestyHaynes
DawnRoseTurner,ldreyer
DawnRoseTurner,RockinSportz
DawnRoseTurner,groovybeatz1
DawnRoseTurner,haptnees
DawnRoseTurner,jodieturner_ns
DawnRoseTurner,parents4future
DawnRoseTurner,mankind_now
DawnRoseTurner,CrissyNankya
DawnRoseTurner,BSuhic
DawnRoseTurner,zettl_audrey
DawnRoseTurner,anne_roberts_bc
DawnRoseTurner,DaveMac59604303
DawnRoseTurner,beKewl4ever
DawnRoseTurner,_RajPatel
DawnRoseTurner,DrJamesEHansen
DawnRoseTurner,CollettPSmall
DawnRoseTurner,junolocal
DawnRoseTurner,david_hornbake
DawnRoseTurner,Healthmac
DawnRoseTurner,gormman360
DawnRoseTurner,JamesPMorrison
DawnRoseTurner,Papabea29471937
DawnRoseTurner,AinoMisery
DawnRoseTurner,Abitawiskwe
DawnRoseTurner,KrisSnidal
DawnRoseTurner,OfficialJTFoxx
DawnRoseTurner,jeaniedugal
DawnRoseTurner,paulberryMWBB
DawnRoseTurner,single_dirty
DawnRoseTurner,jKerrm
DawnRoseTurner,mini_bubbly
DawnRoseTurner,shokat_mir
DawnRoseTurner,BigRedRuckus
DawnRoseTurner,dolly_daggerz
DawnRoseTurner,basslouix
DawnRoseTurner,SteveBaileyPsyc
DawnRoseTurner,BernardGyorgy
DawnRoseTurner,kahlon_deepa
DawnRoseTurner,MolinaElorza
DawnRoseTurner,Kevin_Keeler6
DawnRoseTurner,seth_leitman
DawnRoseTurner,UvamAcerbam
DawnRoseTurner,curious28999604
DawnRoseTurner,awg_allan
DawnRoseTurner,ZeroPlasticClub
DawnRoseTurner,lisanoel1968
DawnRoseTurner,talkingkoala
DawnRoseTurner,amazon4amazon
DawnRoseTurner,DavidMo70294138
DawnRoseTurner,TXsharon
DawnRoseTurner,joelbourne1
DawnRoseTurner,JeffreyKosgei
DawnRoseTurner,WINC_ev
DawnRoseTurner,Candace_Calgary
DawnRoseTurner,WildEarth
DawnRoseTurner,EarthOptimism
DawnRoseTurner,riesenpanda
DawnRoseTurner,tucker_shaw
DawnRoseTurner,millennials4_wp
DawnRoseTurner,niviachanta
DawnRoseTurner,Chagg164
DawnRoseTurner,pollenatrix
DawnRoseTurner,steamponylive
DawnRoseTurner,djbelieve
DawnRoseTurner,alecwhitewolf
DawnRoseTurner,Francis38742554
DawnRoseTurner,KathleenWesterg
DawnRoseTurner,DougWedel
DawnRoseTurner,Dipmishrad
DawnRoseTurner,Wendola97
DawnRoseTurner,DeCraeneGPC
DawnRoseTurner,LisaBarrettLMB
DawnRoseTurner,semillaslibres
DawnRoseTurner,PamLinn5
DawnRoseTurner,DTNEtiquette
DawnRoseTurner,Nitrozac
DawnRoseTurner,TammyinMT406
DawnRoseTurner,afforestt
DawnRoseTurner,MatekwaDanson
DawnRoseTurner,kihembo_savie
DawnRoseTurner,SeedTheChangeNZ
DawnRoseTurner,DartmouthCommon
DawnRoseTurner,beezerfrag
DawnRoseTurner,Leyse65081133
DawnRoseTurner,AmammalfromAU
DawnRoseTurner,JukkaPSeppl
DawnRoseTurner,damenmaureen15
DawnRoseTurner,zombiegardening
DawnRoseTurner,ChrisSturr
DawnRoseTurner,ENCOT8
DawnRoseTurner,jakking49
DawnRoseTurner,StephieGilley
DawnRoseTurner,greengovzw1
DawnRoseTurner,christo52179115
DawnRoseTurner,kedu_morema
DawnRoseTurner,PassItOn_ENV
DawnRoseTurner,jal_vala
DawnRoseTurner,KibbiLinga
DawnRoseTurner,911planet911
DawnRoseTurner,mulindwa_guy
DawnRoseTurner,iSostenibilidad
DawnRoseTurner,South_Texan
DawnRoseTurner,duelittle2
DawnRoseTurner,ShaunaAriaDDay
DawnRoseTurner,CiaraByrneGreen
DawnRoseTurner,CPHO_Canada
DawnRoseTurner,voidthatbinds
DawnRoseTurner,EWestaway
DawnRoseTurner,suegree62113404
DawnRoseTurner,PetePallett
DawnRoseTurner,RebelHeart529
DawnRoseTurner,eutrapelia7
DawnRoseTurner,katieporteroc
DawnRoseTurner,SASlaugh
DawnRoseTurner,CoastalCndn
DawnRoseTurner,RileyEcology
DawnRoseTurner,DikshitDinkar
DawnRoseTurner,Taurin333
DawnRoseTurner,DianaTimberlak2
DawnRoseTurner,NLC_74
DawnRoseTurner,bob_fedderly
DawnRoseTurner,DavidCable13
DawnRoseTurner,theslimdude
DawnRoseTurner,scottastewart71
DawnRoseTurner,KaoHua3
DawnRoseTurner,chikamaie
DawnRoseTurner,DixieBooks
DawnRoseTurner,UnitedForClima1
DawnRoseTurner,_Data_Grid
DawnRoseTurner,Andrewemcameron
DawnRoseTurner,Valliewso
DawnRoseTurner,SharpCanines
DawnRoseTurner,I_dig_dirt
DawnRoseTurner,linusdolder
DawnRoseTurner,solecito27502
DawnRoseTurner,SamuelGuizani
DawnRoseTurner,wow_milfz
DawnRoseTurner,CathieMiles1
DawnRoseTurner,cascadiality
DawnRoseTurner,Pennyvane10
bsac2020,__shawn______
bsac2020,JoyToThePolls
bsac2020,UARFNYC
bsac2020,WeJoinFrontline
bsac2020,emilyberko
bsac2020,JPeters2100
bsac2020,DGromko
bsac2020,PPF_PA
bsac2020,creamofnathan
bsac2020,thevrants
bsac2020,ShutDownBerks
bsac2020,OnePennsylvania
bsac2020,ShutDown_DC
bsac2020,PAStandsUp
bsac2020,birblawl
bsac2020,Phillybailout
bsac2020,ACTUPPhilly
bsac2020,PhillySocFem
bsac2020,ResearchPhilly
bsac2020,AmistadLaw
bsac2020,blacknbrownphl
bsac2020,mskristinawong
bsac2020,HelenGymAtLarge
bsac2020,LeftUnity4PDSA
bsac2020,asianmosaicfund
bsac2020,Mvmnt4BlkLives
bsac2020,ForCommunities
bsac2020,catzuella
bsac2020,Diacritical_Ly
bsac2020,SLeoChiang
bsac2020,lindoyes
bsac2020,apipennsylvania
bsac2020,zenofbalance
bsac2020,OpDeathEaters
bsac2020,PHLTenantsUnion
bsac2020,WholeWorkerWFM
bsac2020,JoshuaPotash
bsac2020,melodylwong
bsac2020,thetimeisnowTB
bsac2020,PopMobPDX
bsac2020,ZakirSpeaks
bsac2020,Joecoxactivist
bsac2020,angryasianman
bsac2020,Phillygrrl
bsac2020,JC_Beer_
bsac2020,sunrisephilly
bsac2020,phreedomNOW
bsac2020,philly_bernie
bsac2020,PhillyThrive
bsac2020,350philly
bsac2020,sunrisemvmt
bsac2020,aJustPhilly
bsac2020,NikilSaval
bsac2020,rick4westphilly
bsac2020,rawnjawn
bsac2020,AnlinWang
bsac2020,PhlHousing
bsac2020,ZimmProductions
bsac2020,michaelchau86
bsac2020,plantdaddy_bach
bsac2020,AfroMindHealer
bsac2020,htruo21
bsac2020,phuongus
bsac2020,DemSocialists
bsac2020,OurUnitedLeft
bsac2020,iww
bsac2020,genstrike_2020
bsac2020,fightfor15
bsac2020,UniteThePoor
bsac2020,BlackSocialists
bsac2020,crimethinc
bsac2020,Public_Citizen
bsac2020,TadeuszGiczan
bsac2020,joshuawongcf
bsac2020,pdxfrontline
bsac2020,YourAnonNews
bsac2020,YourAnonCentral
bsac2020,BLMPhilly
bsac2020,Blklivesmatter
bsac2020,DSA_HWC
bsac2020,NationalNurses
bsac2020,mvmalliance
bsac2020,SocialistAltPHL
bsac2020,215studentunion
bsac2020,215Alliance
bsac2020,PhillyDSA
bsac2020,reclaimphila
bsac2020,phillywerise
bsac2020,KendraPHL
bsac2020,HelenGymPHL
bsac2020,CoriBush
bsac2020,RashidaTlaib
bsac2020,PramilaJayapal
bsac2020,IlhanMN
bsac2020,AOC
bsac2020,BernieSanders
axman643,shaunattwood
axman643,NikMarDim1
axman643,StreamerWayward
axman643,alicejanetaylor
axman643,memotv
axman643,jeremyseattle
axman643,POTUS
axman643,MrJonCryer
axman643,TheAmandaGorman
axman643,Dr_AbenaaJones
axman643,AnneSerling
axman643,WizeAssBitch
axman643,DivineDisturber
axman643,BrianOCarroll5
axman643,JCB1975
axman643,FourVivaldi
axman643,AllenLEllison
axman643,TitusNation
axman643,richardmarx
axman643,LiteraryMouse
axman643,kenolin1
axman643,MarkLarson76
axman643,torbooks
axman643,LizKatz10622929
axman643,mnettelfield
axman643,AKippieloo
axman643,ShayneSherbert
axman643,homemadeguitars
axman643,Chronotope
axman643,Teri_Kanefield
axman643,LauraKojima
axman643,vafkra
axman643,GregPedemonte
axman643,SurvivingMyWay
axman643,_SJPeace_
axman643,1BigLiar
axman643,LittleTownJane
axman643,JocAPhotography
axman643,udarnik
axman643,Victoria_Pavlov
axman643,Max_Shields
axman643,squidcatfacts
axman643,mark_carnall
axman643,BergKent
axman643,EtienneCote4
axman643,kenVwolf
axman643,OmbreuhMakesArt
axman643,tylerjfrancke
axman643,LaurieA09489178
axman643,DylanLineger
axman643,katmadison
axman643,ThomasDuryea5
axman643,Well_Regulated_
axman643,Lauren_E_James
axman643,chipfranklin
axman643,AGKarlRacine
axman643,PaulRoll1
axman643,SallyQYates
axman643,LizReincarnated
axman643,johnpberry
axman643,truthfaux
axman643,sluts_guts
axman643,MAGAsMostWanted
axman643,Hollowedtree
axman643,DoYouEvenLif
axman643,astrotoya
axman643,LuzMery57696522
axman643,berniesbestie
axman643,mikejaxsid2
axman643,math_rachel
axman643,carolynkephart
axman643,NoomKeith
axman643,RF_P0TUS
axman643,backbeatlosit
axman643,JayRuderman
axman643,dionnewarwick
axman643,megelison
axman643,LilSmoothis
axman643,Mamievandoren
axman643,BrieforNevada
axman643,SkypeScientist
axman643,The12fthOfNever
axman643,ChuckModi1
axman643,EvieSymonds
axman643,biologistimo
axman643,AlongsideWild
axman643,WildlifeFound
axman643,Coldwar_Steve
axman643,Miamiblues
axman643,fairfightaction
axman643,smilinandy
axman643,lissarichard49
axman643,moon_ferret
axman643,Tachyon100
axman643,myers_mel
axman643,rural_united
axman643,MaureenBug
axman643,KimChick1964
axman643,LiftedVoices
axman643,MsKellyMHayes
